player,team_code,pts_per_game,ast_per_game,trb_per_game,team_name,games_played,team_ppg,opponent_ppg,pace,offensive_rating,defensive_rating,net_rating,win_percentage,strength_of_schedule
Shai Gilgeous-Alexander,OKC,32.7,6.4,5.0,Oklahoma City,82.0,120.5,107.6,100.0,120.4,107.5,12.9,0.829,-0.52
Giannis Antetokounmpo,MIL,30.4,6.5,11.9,Milwaukee,82.0,115.5,113.0,99.3,115.9,113.5,2.4,0.585,-0.25
Nikola Jokić,DEN,29.6,10.2,12.7,Denver,82.0,120.8,116.9,99.8,119.9,116.1,3.8,0.61,0.04
Luka Dončić,DAL,28.1,7.8,8.3,Dallas,82.0,114.2,115.4,99.2,114.8,116.0,-1.2,0.476,-0.22
Luka Dončić,LAL,28.2,7.5,8.1,LA Lakers,82.0,113.4,112.2,97.6,115.9,114.7,1.2,0.61,0.18
Anthony Edwards,MIN,27.6,4.5,5.7,Minnesota,82.0,114.3,109.3,97.3,116.6,111.5,5.1,0.598,-0.17
Jayson Tatum,BOS,26.8,6.0,8.7,Boston,82.0,116.3,107.2,95.7,120.6,111.2,9.4,0.744,-1.07
Kevin Durant,PHO,26.6,4.2,6.0,Phoenix,82.0,113.6,116.6,97.1,116.2,119.3,-3.1,0.439,0.32
Tyrese Maxey,PHI,26.3,6.1,3.3,Philadelphia,82.0,109.6,115.8,97.4,111.9,118.3,-6.4,0.293,-0.13
Cade Cunningham,DET,26.1,9.1,6.1,Detroit,82.0,115.5,113.6,99.8,115.0,113.1,1.9,0.537,-0.35
Jalen Brunson,NYK,26.0,7.3,2.9,New York,82.0,115.8,111.7,96.7,118.5,114.3,4.2,0.622,-1.05
Paolo Banchero,ORL,25.9,4.8,7.5,Orlando,82.0,105.4,105.5,96.1,109.4,109.5,-0.1,0.5,-0.53
Devin Booker,PHO,25.6,7.1,4.1,Phoenix,82.0,113.6,116.6,97.1,116.2,119.3,-3.1,0.439,0.32
LaMelo Ball,CHO,25.2,7.4,4.9,Charlotte,82.0,105.1,114.2,97.6,107.3,116.6,-9.3,0.232,0.21
Damian Lillard,MIL,24.9,7.1,4.7,Milwaukee,82.0,115.5,113.0,99.3,115.9,113.5,2.4,0.585,-0.25
Anthony Davis,LAL,25.7,3.4,11.9,LA Lakers,82.0,113.4,112.2,97.6,115.9,114.7,1.2,0.61,0.18
Anthony Davis,DAL,20.0,4.4,10.1,Dallas,82.0,114.2,115.4,99.2,114.8,116.0,-1.2,0.476,-0.22
Kyrie Irving,DAL,24.7,4.6,4.8,Dallas,82.0,114.2,115.4,99.2,114.8,116.0,-1.2,0.476,-0.22
Zion Williamson,NOP,24.6,5.3,7.2,New Orleans,82.0,109.8,119.3,99.1,110.4,119.9,-9.5,0.256,1.66
Stephen Curry,GSW,24.5,6.0,4.4,Golden State,82.0,113.8,110.5,98.7,115.0,111.7,3.3,0.585,-0.04
LeBron James,LAL,24.4,8.2,7.8,LA Lakers,82.0,113.4,112.2,97.6,115.9,114.7,1.2,0.61,0.18
Karl-Anthony Towns,NYK,24.4,3.1,12.8,New York,82.0,115.8,111.7,96.7,118.5,114.3,4.2,0.622,-1.05
Victor Wembanyama,SAS,24.3,3.7,11.0,San Antonio,82.0,113.9,116.7,99.3,114.5,117.2,-2.7,0.415,-0.16
Franz Wagner,ORL,24.2,4.7,5.7,Orlando,82.0,105.4,105.5,96.1,109.4,109.5,-0.1,0.5,-0.53
Trae Young,ATL,24.2,11.6,3.1,Atlanta,82.0,118.2,119.3,102.6,114.6,115.7,-1.1,0.488,-0.27
Donovan Mitchell,CLE,24.0,5.0,4.5,Cleveland,82.0,121.9,112.4,99.8,121.8,112.2,9.6,0.78,-1.49
Cam Thomas,BRK,24.0,3.8,3.3,Brooklyn,82.0,105.1,112.2,96.4,108.5,115.8,-7.3,0.317,0.35
Tyler Herro,MIA,23.9,5.5,5.2,Miami,82.0,110.6,110.0,96.2,113.5,112.9,0.6,0.451,-0.84
Joel Embiid,PHI,23.8,4.5,8.2,Philadelphia,82.0,109.6,115.8,97.4,111.9,118.3,-6.4,0.293,-0.13
De'Aaron Fox,SAC,25.0,6.1,5.0,Sacramento,82.0,115.7,115.3,98.1,116.8,116.3,0.5,0.488,-0.18
De'Aaron Fox,SAS,19.7,6.8,4.3,San Antonio,82.0,113.9,116.7,99.3,114.5,117.2,-2.7,0.415,-0.16
Zach LaVine,CHI,24.0,4.5,4.8,Chicago,82.0,117.8,119.4,102.7,114.3,115.8,-1.5,0.476,0.26
Zach LaVine,SAC,22.4,3.8,3.5,Sacramento,82.0,115.7,115.3,98.1,116.8,116.3,0.5,0.488,-0.18
Ja Morant,MEM,23.2,7.3,4.1,Memphis,82.0,121.7,116.9,103.1,117.9,113.2,4.7,0.585,-0.24
James Harden,LAC,22.8,8.7,5.8,LA Clippers,82.0,112.9,108.2,97.4,115.1,110.3,4.8,0.61,0.03
Jaylen Brown,BOS,22.2,4.5,5.8,Boston,82.0,116.3,107.2,95.7,120.6,111.2,9.4,0.744,-1.07
DeMar DeRozan,SAC,22.2,4.4,3.9,Sacramento,82.0,115.7,115.3,98.1,116.8,116.3,0.5,0.488,-0.18
Brandon Ingram,NOP,22.2,5.2,5.6,New Orleans,82.0,109.8,119.3,99.1,110.4,119.9,-9.5,0.256,1.66
Jaren Jackson Jr.,MEM,22.2,2.0,5.6,Memphis,82.0,121.7,116.9,103.1,117.9,113.2,4.7,0.585,-0.24
Norman Powell,LAC,21.8,2.1,3.2,LA Clippers,82.0,112.9,108.2,97.4,115.1,110.3,4.8,0.61,0.03
Jalen Williams,OKC,21.6,5.1,5.3,Oklahoma City,82.0,120.5,107.6,100.0,120.4,107.5,12.9,0.829,-0.52
Kawhi Leonard,LAC,21.5,3.1,5.9,LA Clippers,82.0,112.9,108.2,97.4,115.1,110.3,4.8,0.61,0.03
Jamal Murray,DEN,21.4,6.0,3.9,Denver,82.0,120.8,116.9,99.8,119.9,116.1,3.8,0.61,0.04
Trey Murphy III,NOP,21.2,3.5,5.1,New Orleans,82.0,109.8,119.3,99.1,110.4,119.9,-9.5,0.256,1.66
RJ Barrett,TOR,21.1,5.4,6.3,Toronto,82.0,110.9,115.2,99.7,110.5,114.8,-4.3,0.366,-0.1
CJ McCollum,NOP,21.1,4.1,3.8,New Orleans,82.0,109.8,119.3,99.1,110.4,119.9,-9.5,0.256,1.66
Jalen Green,HOU,21.0,3.4,4.6,Houston,82.0,114.3,109.8,98.7,115.3,110.7,4.6,0.634,-0.01
Brandon Miller,CHO,21.0,3.6,4.9,Charlotte,82.0,105.1,114.2,97.6,107.3,116.6,-9.3,0.232,0.21
Darius Garland,CLE,20.6,6.7,2.9,Cleveland,82.0,121.9,112.4,99.8,121.8,112.2,9.6,0.78,-1.49
Jordan Poole,WAS,20.5,4.5,3.0,Washington,82.0,108.0,120.4,100.9,106.8,119.1,-12.3,0.22,1.57
Coby White,CHI,20.4,4.5,3.7,Chicago,82.0,117.8,119.4,102.7,114.3,115.8,-1.5,0.476,0.26
Miles Bridges,CHO,20.3,3.9,7.5,Charlotte,82.0,105.1,114.2,97.6,107.3,116.6,-9.3,0.232,0.21
Austin Reaves,LAL,20.2,5.8,4.5,LA Lakers,82.0,113.4,112.2,97.6,115.9,114.7,1.2,0.61,0.18
Pascal Siakam,IND,20.2,3.4,6.9,Indiana,82.0,117.4,115.1,99.9,116.5,114.3,2.2,0.61,-0.42
Kristaps Porziņģis,BOS,19.5,2.1,6.8,Boston,82.0,116.3,107.2,95.7,120.6,111.2,9.4,0.744,-1.07
Scottie Barnes,TOR,19.3,5.8,7.7,Toronto,82.0,110.9,115.2,99.7,110.5,114.8,-4.3,0.366,-0.1
Anfernee Simons,POR,19.3,4.8,2.7,Portland,82.0,110.9,113.9,98.8,111.7,114.7,-3.0,0.439,1.22
Desmond Bane,MEM,19.2,5.3,6.1,Memphis,82.0,121.7,116.9,103.1,117.9,113.2,4.7,0.585,-0.24
Domantas Sabonis,SAC,19.1,6.0,13.9,Sacramento,82.0,115.7,115.3,98.1,116.8,116.3,0.5,0.488,-0.18
Alperen Şengün,HOU,19.1,4.9,10.3,Houston,82.0,114.3,109.8,98.7,115.3,110.7,4.6,0.634,-0.01
John Collins,UTA,19.0,2.0,8.2,Utah,82.0,111.9,121.2,100.0,111.2,120.5,-9.3,0.207,1.58
Lauri Markkanen,UTA,19.0,1.5,5.9,Utah,82.0,111.9,121.2,100.0,111.2,120.5,-9.3,0.207,1.58
Jalen Johnson,ATL,18.9,5.0,10.0,Atlanta,82.0,118.2,119.3,102.6,114.6,115.7,-1.1,0.488,-0.27
Cameron Johnson,BRK,18.8,3.4,4.3,Brooklyn,82.0,105.1,112.2,96.4,108.5,115.8,-7.3,0.317,0.35
Julius Randle,MIN,18.7,4.7,7.1,Minnesota,82.0,114.3,109.3,97.3,116.6,111.5,5.1,0.598,-0.17
Tyrese Haliburton,IND,18.6,9.2,3.5,Indiana,82.0,117.4,115.1,99.9,116.5,114.3,2.2,0.61,-0.42
Evan Mobley,CLE,18.5,3.2,9.3,Cleveland,82.0,121.9,112.4,99.8,121.8,112.2,9.6,0.78,-1.49
Shaedon Sharpe,POR,18.5,2.8,4.5,Portland,82.0,110.9,113.9,98.8,111.7,114.7,-3.0,0.439,1.22
Nikola Vučević,CHI,18.5,3.5,10.1,Chicago,82.0,117.8,119.4,102.7,114.3,115.8,-1.5,0.476,0.26
Collin Sexton,UTA,18.4,4.2,2.7,Utah,82.0,111.9,121.2,100.0,111.2,120.5,-9.3,0.207,1.58
Michael Porter Jr.,DEN,18.2,2.1,7.0,Denver,82.0,120.8,116.9,99.8,119.9,116.1,3.8,0.61,0.04
Bam Adebayo,MIA,18.1,4.3,9.6,Miami,82.0,110.6,110.0,96.2,113.5,112.9,0.6,0.451,-0.84
Andrew Wiggins,GSW,17.6,2.4,4.6,Golden State,82.0,113.8,110.5,98.7,115.0,111.7,3.3,0.585,-0.04
Andrew Wiggins,MIA,19.0,3.3,4.2,Miami,82.0,110.6,110.0,96.2,113.5,112.9,0.6,0.451,-0.84
OG Anunoby,NYK,18.0,2.2,4.8,New York,82.0,115.8,111.7,96.7,118.5,114.3,4.2,0.622,-1.05
Mikal Bridges,NYK,17.6,3.7,3.2,New York,82.0,115.8,111.7,96.7,118.5,114.3,4.2,0.622,-1.05
Jaden Ivey,DET,17.6,4.0,4.1,Detroit,82.0,115.5,113.6,99.8,115.0,113.1,1.9,0.537,-0.35
Jimmy Butler,MIA,17.0,4.8,5.2,Miami,82.0,110.6,110.0,96.2,113.5,112.9,0.6,0.451,-0.84
Jimmy Butler,GSW,17.9,5.9,5.5,Golden State,82.0,113.8,110.5,98.7,115.0,111.7,3.3,0.585,-0.04
Dejounte Murray,NOP,17.5,7.4,6.5,New Orleans,82.0,109.8,119.3,99.1,110.4,119.9,-9.5,0.256,1.66
Malik Monk,SAC,17.2,5.6,3.8,Sacramento,82.0,115.7,115.3,98.1,116.8,116.3,0.5,0.488,-0.18
Immanuel Quickley,TOR,17.1,5.8,3.5,Toronto,82.0,110.9,115.2,99.7,110.5,114.8,-4.3,0.366,-0.1
De'Andre Hunter,ATL,19.0,1.5,3.9,Atlanta,82.0,118.2,119.3,102.6,114.6,115.7,-1.1,0.488,-0.27
De'Andre Hunter,CLE,14.3,1.3,4.2,Cleveland,82.0,121.9,112.4,99.8,121.8,112.2,9.6,0.78,-1.49
Bradley Beal,PHO,17.0,3.7,3.3,Phoenix,82.0,113.6,116.6,97.1,116.2,119.3,-3.1,0.439,0.32
Deni Avdija,POR,16.9,3.9,7.3,Portland,82.0,110.9,113.9,98.8,111.7,114.7,-3.0,0.439,1.22
Keyonte George,UTA,16.8,5.6,3.8,Utah,82.0,111.9,121.2,100.0,111.2,120.5,-9.3,0.207,1.58
Ivica Zubac,LAC,16.8,2.7,12.6,LA Clippers,82.0,112.9,108.2,97.4,115.1,110.3,4.8,0.61,0.03
Derrick White,BOS,16.4,4.8,4.5,Boston,82.0,116.3,107.2,95.7,120.6,111.2,9.4,0.744,-1.07
Malik Beasley,DET,16.3,1.7,2.6,Detroit,82.0,115.5,113.6,99.8,115.0,113.1,1.9,0.537,-0.35
Devin Vassell,SAS,16.3,2.9,4.0,San Antonio,82.0,113.9,116.7,99.3,114.5,117.2,-2.7,0.415,-0.16
Jordan Clarkson,UTA,16.2,3.7,3.2,Utah,82.0,111.9,121.2,100.0,111.2,120.5,-9.3,0.207,1.58
Paul George,PHI,16.2,4.3,5.3,Philadelphia,82.0,109.6,115.8,97.4,111.9,118.3,-6.4,0.293,-0.13
Jalen Suggs,ORL,16.2,3.7,4.0,Orlando,82.0,105.4,105.5,96.1,109.4,109.5,-0.1,0.5,-0.53
Bennedict Mathurin,IND,16.1,1.9,5.3,Indiana,82.0,117.4,115.1,99.9,116.5,114.3,2.2,0.61,-0.42
Myles Turner,IND,15.6,1.5,6.5,Indiana,82.0,117.4,115.1,99.9,116.5,114.3,2.2,0.61,-0.42
Christian Braun,DEN,15.4,2.6,5.2,Denver,82.0,120.8,116.9,99.8,119.9,116.1,3.8,0.61,0.04
Jonathan Kuminga,GSW,15.3,2.2,4.6,Golden State,82.0,113.8,110.5,98.7,115.0,111.7,3.3,0.585,-0.04
Jared McCain,PHI,15.3,2.6,2.4,Philadelphia,82.0,109.6,115.8,97.4,111.9,118.3,-6.4,0.293,-0.13
Mark Williams,CHO,15.3,2.5,10.2,Charlotte,82.0,105.1,114.2,97.6,107.3,116.6,-9.3,0.232,0.21
Kelly Oubre Jr.,PHI,15.1,1.8,6.1,Philadelphia,82.0,109.6,115.8,97.4,111.9,118.3,-6.4,0.293,-0.13
Chet Holmgren,OKC,15.0,2.0,8.0,Oklahoma City,82.0,120.5,107.6,100.0,120.4,107.5,12.9,0.829,-0.52
Kyle Kuzma,WAS,15.2,2.5,5.8,Washington,82.0,108.0,120.4,100.9,106.8,119.1,-12.3,0.22,1.57
Kyle Kuzma,MIL,14.5,2.2,5.6,Milwaukee,82.0,115.5,113.0,99.3,115.9,113.5,2.4,0.585,-0.25
Stephon Castle,SAS,14.7,4.1,3.7,San Antonio,82.0,113.9,116.7,99.3,114.5,117.2,-2.7,0.415,-0.16
Aaron Gordon,DEN,14.7,3.2,4.8,Denver,82.0,120.8,116.9,99.8,119.9,116.1,3.8,0.61,0.04
P.J. Washington,DAL,14.7,2.3,7.8,Dallas,82.0,114.2,115.4,99.2,114.8,116.0,-1.2,0.476,-0.22
Quentin Grimes,DAL,10.2,2.1,3.8,Dallas,82.0,114.2,115.4,99.2,114.8,116.0,-1.2,0.476,-0.22
Quentin Grimes,PHI,21.9,4.5,5.2,Philadelphia,82.0,109.6,115.8,97.4,111.9,118.3,-6.4,0.293,-0.13
Josh Giddey,CHI,14.6,7.2,8.1,Chicago,82.0,117.8,119.4,102.7,114.3,115.8,-1.5,0.476,0.26
Jakob Poeltl,TOR,14.5,2.8,9.6,Toronto,82.0,110.9,115.2,99.7,110.5,114.8,-4.3,0.366,-0.1
Deandre Ayton,POR,14.4,1.6,10.2,Portland,82.0,110.9,113.9,98.8,111.7,114.7,-3.0,0.439,1.22
Gradey Dick,TOR,14.4,1.8,3.6,Toronto,82.0,110.9,115.2,99.7,110.5,114.8,-4.3,0.366,-0.1
Jerami Grant,POR,14.4,2.1,3.5,Portland,82.0,110.9,113.9,98.8,111.7,114.7,-3.0,0.439,1.22
Payton Pritchard,BOS,14.3,3.5,3.8,Boston,82.0,116.3,107.2,95.7,120.6,111.2,9.4,0.744,-1.07
Naz Reid,MIN,14.2,2.3,6.0,Minnesota,82.0,114.3,109.3,97.3,116.6,111.5,5.1,0.598,-0.17
Dyson Daniels,ATL,14.1,4.4,5.9,Atlanta,82.0,118.2,119.3,102.6,114.6,115.7,-1.1,0.488,-0.27
Tre Mann,CHO,14.1,3.0,2.9,Charlotte,82.0,105.1,114.2,97.6,107.3,116.6,-9.3,0.232,0.21
Amen Thompson,HOU,14.1,3.8,8.2,Houston,82.0,114.3,109.8,98.7,115.3,110.7,4.6,0.634,-0.01
Fred VanVleet,HOU,14.1,5.6,3.7,Houston,82.0,114.3,109.8,98.7,115.3,110.7,4.6,0.634,-0.01
Dillon Brooks,HOU,14.0,1.7,3.7,Houston,82.0,114.3,109.8,98.7,115.3,110.7,4.6,0.634,-0.01
Tolu Smith,DET,14.0,0.0,8.0,Detroit,82.0,115.5,113.6,99.8,115.0,113.1,1.9,0.537,-0.35
Klay Thompson,DAL,14.0,2.0,3.4,Dallas,82.0,114.2,115.4,99.2,114.8,116.0,-1.2,0.476,-0.22
Bobby Portis,MIL,13.9,2.1,8.4,Milwaukee,82.0,115.5,113.0,99.3,115.9,113.5,2.4,0.585,-0.25
Tobias Harris,DET,13.7,2.2,5.9,Detroit,82.0,115.5,113.6,99.8,115.0,113.1,1.9,0.537,-0.35
Josh Hart,NYK,13.6,5.9,9.6,New York,82.0,115.8,111.7,96.7,118.5,114.3,4.2,0.622,-1.05
Jarrett Allen,CLE,13.5,1.9,9.7,Cleveland,82.0,121.9,112.4,99.8,121.8,112.2,9.6,0.78,-1.49
Onyeka Okongwu,ATL,13.4,2.3,8.9,Atlanta,82.0,118.2,119.3,102.6,114.6,115.7,-1.1,0.488,-0.27
Russell Westbrook,DEN,13.3,6.1,4.9,Denver,82.0,120.8,116.9,99.8,119.9,116.1,3.8,0.61,0.04
Naji Marshall,DAL,13.2,3.0,4.8,Dallas,82.0,114.2,115.4,99.2,114.8,116.0,-1.2,0.476,-0.22
Dennis Schröder,BRK,18.4,6.6,3.0,Brooklyn,82.0,105.1,112.2,96.4,108.5,115.8,-7.3,0.317,0.35
Dennis Schröder,GSW,10.6,4.4,2.3,Golden State,82.0,113.8,110.5,98.7,115.0,111.7,3.3,0.585,-0.04
Dennis Schröder,DET,10.8,5.3,2.6,Detroit,82.0,115.5,113.6,99.8,115.0,113.1,1.9,0.537,-0.35
Rui Hachimura,LAL,13.1,1.4,5.0,LA Lakers,82.0,113.4,112.2,97.6,115.9,114.7,1.2,0.61,0.18
Brook Lopez,MIL,13.0,1.8,5.0,Milwaukee,82.0,115.5,113.0,99.3,115.9,113.5,2.4,0.585,-0.25
Alex Sarr,WAS,13.0,2.4,6.5,Washington,82.0,108.0,120.4,100.9,106.8,119.1,-12.3,0.22,1.57
Moritz Wagner,ORL,12.9,1.4,4.9,Orlando,82.0,105.4,105.5,96.1,109.4,109.5,-0.1,0.5,-0.53
Malcolm Brogdon,WAS,12.7,4.1,3.8,Washington,82.0,108.0,120.4,100.9,106.8,119.1,-12.3,0.22,1.57
Scoot Henderson,POR,12.7,5.1,3.0,Portland,82.0,110.9,113.9,98.8,111.7,114.7,-3.0,0.439,1.22
Keldon Johnson,SAS,12.7,1.6,4.8,San Antonio,82.0,113.9,116.7,99.3,114.5,117.2,-2.7,0.415,-0.16
D'Angelo Russell,LAL,12.4,4.7,2.8,LA Lakers,82.0,113.4,112.2,97.6,115.9,114.7,1.2,0.61,0.18
D'Angelo Russell,BRK,12.9,5.6,2.8,Brooklyn,82.0,105.1,112.2,96.4,108.5,115.8,-7.3,0.317,0.35
Zaccharie Risacher,ATL,12.6,1.2,3.6,Atlanta,82.0,118.2,119.3,102.6,114.6,115.7,-1.1,0.488,-0.27
Santi Aldama,MEM,12.5,2.9,6.4,Memphis,82.0,121.7,116.9,103.1,117.9,113.2,4.7,0.585,-0.24
Ty Jerome,CLE,12.5,3.4,2.5,Cleveland,82.0,121.9,112.4,99.8,121.8,112.2,9.6,0.78,-1.49
Keegan Murray,SAC,12.4,1.4,6.7,Sacramento,82.0,115.7,115.3,98.1,116.8,116.3,0.5,0.488,-0.18
Lonnie Walker IV,PHI,12.4,2.5,3.2,Philadelphia,82.0,109.6,115.8,97.4,111.9,118.3,-6.4,0.293,-0.13
Harrison Barnes,SAS,12.3,1.7,3.8,San Antonio,82.0,113.9,116.7,99.3,114.5,117.2,-2.7,0.415,-0.16
Bilal Coulibaly,WAS,12.3,3.4,5.0,Washington,82.0,108.0,120.4,100.9,106.8,119.1,-12.3,0.22,1.57
Ayo Dosunmu,CHI,12.3,4.5,3.5,Chicago,82.0,117.8,119.4,102.7,114.3,115.8,-1.5,0.476,0.26
Daniel Gafford,DAL,12.3,1.4,6.8,Dallas,82.0,114.2,115.4,99.2,114.8,116.0,-1.2,0.476,-0.22
Jaden McDaniels,MIN,12.2,2.0,5.7,Minnesota,82.0,114.3,109.3,97.3,116.6,111.5,5.1,0.598,-0.17
Jabari Smith Jr.,HOU,12.2,1.1,7.0,Houston,82.0,114.3,109.8,98.7,115.3,110.7,4.6,0.634,-0.01
Caris LeVert,CLE,10.2,3.7,2.8,Cleveland,82.0,121.9,112.4,99.8,121.8,112.2,9.6,0.78,-1.49
Caris LeVert,ATL,14.9,2.9,3.7,Atlanta,82.0,118.2,119.3,102.6,114.6,115.7,-1.1,0.488,-0.27
Drew Timme,BRK,12.1,2.2,7.2,Brooklyn,82.0,105.1,112.2,96.4,108.5,115.8,-7.3,0.317,0.35
Tari Eason,HOU,12.0,1.5,6.4,Houston,82.0,114.3,109.8,98.7,115.3,110.7,4.6,0.634,-0.01
Rudy Gobert,MIN,12.0,1.8,10.9,Minnesota,82.0,114.3,109.3,97.3,116.6,111.5,5.1,0.598,-0.17
Aaron Nesmith,IND,12.0,1.2,4.0,Indiana,82.0,117.4,115.1,99.9,116.5,114.3,2.2,0.61,-0.42
Aaron Wiggins,OKC,12.0,1.8,3.9,Oklahoma City,82.0,120.5,107.6,100.0,120.4,107.5,12.9,0.829,-0.52
Khris Middleton,MIL,12.6,4.4,3.7,Milwaukee,82.0,115.5,113.0,99.3,115.9,113.5,2.4,0.585,-0.25
Khris Middleton,WAS,10.7,3.4,3.7,Washington,82.0,108.0,120.4,100.9,106.8,119.1,-12.3,0.22,1.57
Jalen Duren,DET,11.8,2.7,10.3,Detroit,82.0,115.5,113.6,99.8,115.0,113.1,1.9,0.537,-0.35
Donte DiVincenzo,MIN,11.7,3.6,3.7,Minnesota,82.0,114.3,109.3,97.3,116.6,111.5,5.1,0.598,-0.17
Brandin Podziemski,GSW,11.7,3.4,5.1,Golden State,82.0,113.8,110.5,98.7,115.0,111.7,3.3,0.585,-0.04
Corey Kispert,WAS,11.6,1.7,3.0,Washington,82.0,108.0,120.4,100.9,106.8,119.1,-12.3,0.22,1.57
Jeremy Sochan,SAS,11.4,2.4,6.5,San Antonio,82.0,113.9,116.7,99.3,114.5,117.2,-2.7,0.415,-0.16
Toumani Camara,POR,11.3,2.2,5.8,Portland,82.0,110.9,113.9,98.8,111.7,114.7,-3.0,0.439,1.22
Isaiah Hartenstein,OKC,11.2,3.8,10.7,Oklahoma City,82.0,120.5,107.6,100.0,120.4,107.5,12.9,0.829,-0.52
Buddy Hield,GSW,11.1,1.6,3.2,Golden State,82.0,113.8,110.5,98.7,115.0,111.7,3.3,0.585,-0.04
Jrue Holiday,BOS,11.1,3.9,4.3,Boston,82.0,116.3,107.2,95.7,120.6,111.2,9.4,0.744,-1.07
Walker Kessler,UTA,11.1,1.7,12.2,Utah,82.0,111.9,121.2,100.0,111.2,120.5,-9.3,0.207,1.58
Gary Trent Jr.,MIL,11.1,1.2,2.3,Milwaukee,82.0,115.5,113.0,99.3,115.9,113.5,2.4,0.585,-0.25
Spencer Dinwiddie,DAL,11.0,4.4,2.6,Dallas,82.0,114.2,115.4,99.2,114.8,116.0,-1.2,0.476,-0.22
Tim Hardaway Jr.,DET,11.0,1.6,2.4,Detroit,82.0,115.5,113.6,99.8,115.0,113.1,1.9,0.537,-0.35
Duncan Robinson,MIA,11.0,2.4,2.3,Miami,82.0,110.6,110.0,96.2,113.5,112.9,0.6,0.451,-0.84
Guerschon Yabusele,PHI,11.0,2.1,5.6,Philadelphia,82.0,109.6,115.8,97.4,111.9,118.3,-6.4,0.293,-0.13
Brice Sensabaugh,UTA,10.9,1.5,3.0,Utah,82.0,111.9,121.2,100.0,111.2,120.5,-9.3,0.207,1.58
Bogdan Bogdanović,ATL,10.0,2.0,2.8,Atlanta,82.0,118.2,119.3,102.6,114.6,115.7,-1.1,0.488,-0.27
Bogdan Bogdanović,LAC,11.4,3.2,3.1,LA Clippers,82.0,112.9,108.2,97.4,115.1,110.3,4.8,0.61,0.03
Jordan Hawkins,NOP,10.8,1.2,2.8,New Orleans,82.0,109.8,119.3,99.1,110.4,119.9,-9.5,0.256,1.66
Brandon Boston Jr.,NOP,10.7,2.2,3.2,New Orleans,82.0,109.8,119.3,99.1,110.4,119.9,-9.5,0.256,1.66
Nikola Jović,MIA,10.7,2.8,3.9,Miami,82.0,110.6,110.0,96.2,113.5,112.9,0.6,0.451,-0.84
Grayson Allen,PHO,10.6,2.1,3.0,Phoenix,82.0,113.6,116.6,97.1,116.2,119.3,-3.1,0.439,0.32
Keon Johnson,BRK,10.6,2.2,3.8,Brooklyn,82.0,105.1,112.2,96.4,108.5,115.8,-7.3,0.317,0.35
Terry Rozier,MIA,10.6,2.6,3.7,Miami,82.0,110.6,110.0,96.2,113.5,112.9,0.6,0.451,-0.84
Obi Toppin,IND,10.5,1.6,4.0,Indiana,82.0,117.4,115.1,99.9,116.5,114.3,2.2,0.61,-0.42
Jonas Valančiūnas,WAS,11.5,2.2,8.2,Washington,82.0,108.0,120.4,100.9,106.8,119.1,-12.3,0.22,1.57
Jonas Valančiūnas,SAC,8.7,1.8,7.0,Sacramento,82.0,115.7,115.3,98.1,116.8,116.3,0.5,0.488,-0.18
Ochai Agbaji,TOR,10.4,1.5,3.8,Toronto,82.0,110.9,115.2,99.7,110.5,114.8,-4.3,0.366,-0.1
Jaylen Wells,MEM,10.4,1.7,3.4,Memphis,82.0,121.7,116.9,103.1,117.9,113.2,4.7,0.585,-0.24
Grant Williams,CHO,10.4,2.3,5.1,Charlotte,82.0,105.1,114.2,97.6,107.3,116.6,-9.3,0.232,0.21
Kevin Porter Jr.,LAC,9.3,3.2,3.6,LA Clippers,82.0,112.9,108.2,97.4,115.1,110.3,4.8,0.61,0.03
Kevin Porter Jr.,MIL,11.7,3.7,3.9,Milwaukee,82.0,115.5,113.0,99.3,115.9,113.5,2.4,0.585,-0.25
Jose Alvarado,NOP,10.3,4.6,2.4,New Orleans,82.0,109.8,119.3,99.1,110.4,119.9,-9.5,0.256,1.66
Nic Claxton,BRK,10.3,2.2,7.4,Brooklyn,82.0,105.1,112.2,96.4,108.5,115.8,-7.3,0.317,0.35
Herbert Jones,NOP,10.3,3.3,3.9,New Orleans,82.0,109.8,119.3,99.1,110.4,119.9,-9.5,0.256,1.66
De'Anthony Melton,GSW,10.3,2.8,3.3,Golden State,82.0,113.8,110.5,98.7,115.0,111.7,3.3,0.585,-0.04
Isaiah Joe,OKC,10.2,1.6,2.6,Oklahoma City,82.0,120.5,107.6,100.0,120.4,107.5,12.9,0.829,-0.52
Tyus Jones,PHO,10.2,5.3,2.4,Phoenix,82.0,113.6,116.6,97.1,116.2,119.3,-3.1,0.439,0.32
Trendon Watford,BRK,10.2,2.6,3.6,Brooklyn,82.0,105.1,112.2,96.4,108.5,115.8,-7.3,0.317,0.35
Keion Brooks Jr.,NOP,10.1,0.9,4.1,New Orleans,82.0,109.8,119.3,99.1,110.4,119.9,-9.5,0.256,1.66
Luguentz Dort,OKC,10.1,1.6,4.1,Oklahoma City,82.0,120.5,107.6,100.0,120.4,107.5,12.9,0.829,-0.52
Justin Edwards,PHI,10.1,1.6,3.4,Philadelphia,82.0,109.6,115.8,97.4,111.9,118.3,-6.4,0.293,-0.13
Derrick Jones Jr.,LAC,10.1,0.8,3.4,LA Clippers,82.0,112.9,108.2,97.4,115.1,110.3,4.8,0.61,0.03
Ausar Thompson,DET,10.1,2.3,5.1,Detroit,82.0,115.5,113.6,99.8,115.0,113.1,1.9,0.537,-0.35
Chris Boucher,TOR,10.0,0.7,4.5,Toronto,82.0,110.9,115.2,99.7,110.5,114.8,-4.3,0.366,-0.1
Andrew Nembhard,IND,10.0,5.0,3.3,Indiana,82.0,117.4,115.1,99.9,116.5,114.3,2.2,0.61,-0.42
Ziaire Williams,BRK,10.0,1.3,4.6,Brooklyn,82.0,105.1,112.2,96.4,108.5,115.8,-7.3,0.317,0.35
Kevin Huerter,SAC,7.9,1.7,2.8,Sacramento,82.0,115.7,115.3,98.1,116.8,116.3,0.5,0.488,-0.18
Kevin Huerter,CHI,13.2,3.2,3.3,Chicago,82.0,117.8,119.4,102.7,114.3,115.8,-1.5,0.476,0.26
Georges Niang,CLE,8.7,1.3,3.7,Cleveland,82.0,121.9,112.4,99.8,121.8,112.2,9.6,0.78,-1.49
Georges Niang,ATL,12.1,1.6,3.0,Atlanta,82.0,118.2,119.3,102.6,114.6,115.7,-1.1,0.488,-0.27
Julian Champagnie,SAS,9.9,1.4,3.9,San Antonio,82.0,113.9,116.7,99.3,114.5,117.2,-2.7,0.415,-0.16
Scotty Pippen Jr.,MEM,9.9,4.4,3.3,Memphis,82.0,121.7,116.9,103.1,117.9,113.2,4.7,0.585,-0.24
Nick Smith Jr.,CHO,9.9,2.4,2.1,Charlotte,82.0,105.1,114.2,97.6,107.3,116.6,-9.3,0.232,0.21
Bub Carrington,WAS,9.8,4.4,4.2,Washington,82.0,108.0,120.4,100.9,106.8,119.1,-12.3,0.22,1.57
Moses Moody,GSW,9.8,1.3,2.6,Golden State,82.0,113.8,110.5,98.7,115.0,111.7,3.3,0.585,-0.04
Amir Coffey,LAC,9.7,1.1,2.2,LA Clippers,82.0,112.9,108.2,97.4,115.1,110.3,4.8,0.61,0.03
Max Christie,LAL,8.5,1.4,2.7,LA Lakers,82.0,113.4,112.2,97.6,115.9,114.7,1.2,0.61,0.18
Max Christie,DAL,11.2,2.5,4.2,Dallas,82.0,114.2,115.4,99.2,114.8,116.0,-1.2,0.476,-0.22
Kyle Filipowski,UTA,9.6,1.9,6.1,Utah,82.0,111.9,121.2,100.0,111.2,120.5,-9.3,0.207,1.58
Tosan Evbuomwan,BRK,9.5,2.0,4.3,Brooklyn,82.0,105.1,112.2,96.4,108.5,115.8,-7.3,0.317,0.35
Miles McBride,NYK,9.5,2.9,2.5,New York,82.0,115.8,111.7,96.7,118.5,114.3,4.2,0.622,-1.05
Jalen Wilson,BRK,9.5,1.8,3.4,Brooklyn,82.0,105.1,112.2,96.4,108.5,115.8,-7.3,0.317,0.35
Nickeil Alexander-Walker,MIN,9.4,2.7,3.2,Minnesota,82.0,114.3,109.3,97.3,116.6,111.5,5.1,0.598,-0.17
Cole Anthony,ORL,9.4,2.9,3.0,Orlando,82.0,105.4,105.5,96.1,109.4,109.5,-0.1,0.5,-0.53
Anthony Black,ORL,9.4,3.1,2.9,Orlando,82.0,105.4,105.5,96.1,109.4,109.5,-0.1,0.5,-0.53
Max Strus,CLE,9.4,3.2,4.3,Cleveland,82.0,121.9,112.4,99.8,121.8,112.2,9.6,0.78,-1.49
Tristan Vukcevic,WAS,9.4,1.1,3.7,Washington,82.0,108.0,120.4,100.9,106.8,119.1,-12.3,0.22,1.57
Cam Whitmore,HOU,9.4,1.0,3.0,Houston,82.0,114.3,109.8,98.7,115.3,110.7,4.6,0.634,-0.01
Nick Richards,CHO,8.9,1.3,7.5,Charlotte,82.0,105.1,114.2,97.6,107.3,116.6,-9.3,0.232,0.21
Nick Richards,PHO,9.5,0.6,8.6,Phoenix,82.0,113.6,116.6,97.1,116.2,119.3,-3.1,0.439,0.32
Kel'el Ware,MIA,9.3,0.9,7.4,Miami,82.0,110.6,110.0,96.2,113.5,112.9,0.6,0.451,-0.84
Zach Edey,MEM,9.2,1.0,8.3,Memphis,82.0,121.7,116.9,103.1,117.9,113.2,4.7,0.585,-0.24
Wendell Carter Jr.,ORL,9.1,2.0,7.2,Orlando,82.0,105.4,105.5,96.1,109.4,109.5,-0.1,0.5,-0.53
Noah Clowney,BRK,9.1,0.9,3.9,Brooklyn,82.0,105.1,112.2,96.4,108.5,115.8,-7.3,0.317,0.35
Dalton Knecht,LAL,9.1,0.8,2.8,LA Lakers,82.0,113.4,112.2,97.6,115.9,114.7,1.2,0.61,0.18
A.J. Lawson,TOR,9.1,1.2,3.3,Toronto,82.0,110.9,115.2,99.7,110.5,114.8,-4.3,0.366,-0.1
T.J. McConnell,IND,9.1,4.4,2.4,Indiana,82.0,117.4,115.1,99.9,116.5,114.3,2.2,0.61,-0.42
Yves Missi,NOP,9.1,1.4,8.2,New Orleans,82.0,109.8,119.3,99.1,110.4,119.9,-9.5,0.256,1.66
Royce O'Neale,PHO,9.1,2.2,4.7,Phoenix,82.0,113.6,116.6,97.1,116.2,119.3,-3.1,0.439,0.32
Jared Butler,WAS,6.9,2.6,1.3,Washington,82.0,108.0,120.4,100.9,106.8,119.1,-12.3,0.22,1.57
Jared Butler,PHI,11.5,4.9,2.5,Philadelphia,82.0,109.6,115.8,97.4,111.9,118.3,-6.4,0.293,-0.13
Marcus Smart,MEM,8.7,3.7,2.3,Memphis,82.0,121.7,116.9,103.1,117.9,113.2,4.7,0.585,-0.24
Marcus Smart,WAS,9.3,2.5,1.9,Washington,82.0,108.0,120.4,100.9,106.8,119.1,-12.3,0.22,1.57
Draymond Green,GSW,9.0,5.6,6.1,Golden State,82.0,113.8,110.5,98.7,115.0,111.7,3.3,0.585,-0.04
Killian Hayes,BRK,9.0,5.2,3.0,Brooklyn,82.0,105.1,112.2,96.4,108.5,115.8,-7.3,0.317,0.35
Al Horford,BOS,9.0,2.1,6.2,Boston,82.0,116.3,107.2,95.7,120.6,111.2,9.4,0.744,-1.07
Julian Strawther,DEN,9.0,1.3,2.2,Denver,82.0,120.8,116.9,99.8,119.9,116.1,3.8,0.61,0.04
Patrick Williams,CHI,9.0,2.0,3.8,Chicago,82.0,117.8,119.4,102.7,114.3,115.8,-1.5,0.476,0.26
Jusuf Nurkić,PHO,8.6,1.9,9.2,Phoenix,82.0,113.6,116.6,97.1,116.2,119.3,-3.1,0.439,0.32
Jusuf Nurkić,CHO,9.2,2.6,6.5,Charlotte,82.0,105.1,114.2,97.6,107.3,116.6,-9.3,0.232,0.21
Clint Capela,ATL,8.9,1.1,8.5,Atlanta,82.0,118.2,119.3,102.6,114.6,115.7,-1.1,0.488,-0.27
Johnny Juzang,UTA,8.9,1.1,2.9,Utah,82.0,111.9,121.2,100.0,111.2,120.5,-9.3,0.207,1.58
Luke Kennard,MEM,8.9,3.3,2.8,Memphis,82.0,121.7,116.9,103.1,117.9,113.2,4.7,0.585,-0.24
Justin Champagnie,WAS,8.8,1.0,5.7,Washington,82.0,108.0,120.4,100.9,106.8,119.1,-12.3,0.22,1.57
Svi Mykhailiuk,UTA,8.8,2.0,2.4,Utah,82.0,111.9,121.2,100.0,111.2,120.5,-9.3,0.207,1.58
Chris Paul,SAS,8.8,7.4,3.6,San Antonio,82.0,113.9,116.7,99.3,114.5,117.2,-2.7,0.415,-0.16
Kelly Olynyk,TOR,7.1,2.3,3.7,Toronto,82.0,110.9,115.2,99.7,110.5,114.8,-4.3,0.366,-0.1
Kelly Olynyk,NOP,10.7,3.6,5.9,New Orleans,82.0,109.8,119.3,99.1,110.4,119.9,-9.5,0.256,1.66
Dorian Finney-Smith,BRK,10.4,1.6,4.6,Brooklyn,82.0,105.1,112.2,96.4,108.5,115.8,-7.3,0.317,0.35
Dorian Finney-Smith,LAL,7.9,1.4,3.6,LA Lakers,82.0,113.4,112.2,97.6,115.9,114.7,1.2,0.61,0.18
Oshae Brissett,PHI,8.7,0.7,3.7,Philadelphia,82.0,109.6,115.8,97.4,111.9,118.3,-6.4,0.293,-0.13
Kentavious Caldwell-Pope,ORL,8.7,1.8,2.2,Orlando,82.0,105.4,105.5,96.1,109.4,109.5,-0.1,0.5,-0.53
Isaiah Collier,UTA,8.7,6.3,3.3,Utah,82.0,111.9,121.2,100.0,111.2,120.5,-9.3,0.207,1.58
Dante Exum,DAL,8.7,2.8,1.7,Dallas,82.0,114.2,115.4,99.2,114.8,116.0,-1.2,0.476,-0.22
Kyshawn George,WAS,8.7,2.5,4.2,Washington,82.0,108.0,120.4,100.9,106.8,119.1,-12.3,0.22,1.57
Jaden Hardy,DAL,8.7,1.4,1.6,Dallas,82.0,114.2,115.4,99.2,114.8,116.0,-1.2,0.476,-0.22
Dereck Lively II,DAL,8.7,2.4,7.5,Dallas,82.0,114.2,115.4,99.2,114.8,116.0,-1.2,0.476,-0.22
Tyrese Martin,BRK,8.7,2.0,3.7,Brooklyn,82.0,105.1,112.2,96.4,108.5,115.8,-7.3,0.317,0.35
Matas Buzelis,CHI,8.6,1.0,3.5,Chicago,82.0,117.8,119.4,102.7,114.3,115.8,-1.5,0.476,0.26
Jaime Jaquez Jr.,MIA,8.6,2.5,4.4,Miami,82.0,110.6,110.0,96.2,113.5,112.9,0.6,0.451,-0.84
Ja'Kobe Walter,TOR,8.6,1.6,3.1,Toronto,82.0,110.9,115.2,99.7,110.5,114.8,-4.3,0.366,-0.1
Sam Hauser,BOS,8.5,0.9,3.2,Boston,82.0,116.3,107.2,95.7,120.6,111.2,9.4,0.744,-1.07
Larry Nance Jr.,ATL,8.5,1.6,4.3,Atlanta,82.0,118.2,119.3,102.6,114.6,115.7,-1.1,0.488,-0.27
Jared Rhoden,CHO,1.0,0.5,1.0,Charlotte,82.0,105.1,114.2,97.6,107.3,116.6,-9.3,0.232,0.21
Jared Rhoden,TOR,11.4,1.4,3.8,Toronto,82.0,110.9,115.2,99.7,110.5,114.8,-4.3,0.366,-0.1
Jaylen Nowell,NOP,8.4,2.3,2.5,New Orleans,82.0,109.8,119.3,99.1,110.4,119.9,-9.5,0.256,1.66
Cason Wallace,OKC,8.4,2.5,3.4,Oklahoma City,82.0,120.5,107.6,100.0,120.4,107.5,12.9,0.829,-0.52
Bruce Brown,TOR,8.4,1.6,3.8,Toronto,82.0,110.9,115.2,99.7,110.5,114.8,-4.3,0.366,-0.1
Bruce Brown,NOP,8.2,2.4,4.2,New Orleans,82.0,109.8,119.3,99.1,110.4,119.9,-9.5,0.256,1.66
Dalano Banton,POR,8.3,2.4,2.0,Portland,82.0,110.9,113.9,98.8,111.7,114.7,-3.0,0.439,1.22
Brandon Clarke,MEM,8.3,1.0,5.1,Memphis,82.0,121.7,116.9,103.1,117.9,113.2,4.7,0.585,-0.24
Keon Ellis,SAC,8.3,1.5,2.7,Sacramento,82.0,115.7,115.3,98.1,116.8,116.3,0.5,0.488,-0.18
Brandon Williams,DAL,8.3,2.3,1.8,Dallas,82.0,114.2,115.4,99.2,114.8,116.0,-1.2,0.476,-0.22
Mike Conley,MIN,8.2,4.5,2.6,Minnesota,82.0,114.3,109.3,97.3,116.6,111.5,5.1,0.598,-0.17
Taurean Prince,MIL,8.2,1.9,3.6,Milwaukee,82.0,115.5,113.0,99.3,115.9,113.5,2.4,0.585,-0.25
Jalen Smith,CHI,8.2,1.0,5.6,Chicago,82.0,117.8,119.4,102.7,114.3,115.8,-1.5,0.476,0.26
Quinten Post,GSW,8.1,1.3,3.5,Golden State,82.0,113.8,110.5,98.7,115.0,111.7,3.3,0.585,-0.04
Peyton Watson,DEN,8.1,1.4,3.4,Denver,82.0,120.8,116.9,99.8,119.9,116.1,3.8,0.61,0.04
Davion Mitchell,TOR,6.3,4.6,1.9,Toronto,82.0,110.9,115.2,99.7,110.5,114.8,-4.3,0.366,-0.1
Davion Mitchell,MIA,10.3,5.3,2.7,Miami,82.0,110.6,110.0,96.2,113.5,112.9,0.6,0.451,-0.84
Caleb Martin,PHI,9.1,2.2,4.4,Philadelphia,82.0,109.6,115.8,97.4,111.9,118.3,-6.4,0.293,-0.13
Caleb Martin,DAL,5.4,1.9,2.9,Dallas,82.0,114.2,115.4,99.2,114.8,116.0,-1.2,0.476,-0.22
Tyson Etienne,BRK,7.9,1.7,1.3,Brooklyn,82.0,105.1,112.2,96.4,108.5,115.8,-7.3,0.317,0.35
Day'Ron Sharpe,BRK,7.9,1.8,6.6,Brooklyn,82.0,105.1,112.2,96.4,108.5,115.8,-7.3,0.317,0.35
KJ Simpson,CHO,7.8,3.1,3.0,Charlotte,82.0,105.1,114.2,97.6,107.3,116.6,-9.3,0.232,0.21
Terance Mann,LAC,6.0,1.6,2.9,LA Clippers,82.0,112.9,108.2,97.4,115.1,110.3,4.8,0.61,0.03
Terance Mann,ATL,9.8,2.1,3.1,Atlanta,82.0,118.2,119.3,102.6,114.6,115.7,-1.1,0.488,-0.27
Karlo Matković,NOP,7.7,1.1,5.0,New Orleans,82.0,109.8,119.3,99.1,110.4,119.9,-9.5,0.256,1.66
AJ Johnson,MIL,2.9,1.0,1.0,Milwaukee,82.0,115.5,113.0,99.3,115.9,113.5,2.4,0.585,-0.25
AJ Johnson,WAS,9.1,3.1,2.4,Washington,82.0,108.0,120.4,100.9,106.8,119.1,-12.3,0.22,1.57
Lonzo Ball,CHI,7.6,3.3,3.4,Chicago,82.0,117.8,119.4,102.7,114.3,115.8,-1.5,0.476,0.26
Oscar Tshiebwe,UTA,7.6,0.6,8.7,Utah,82.0,111.9,121.2,100.0,111.2,120.5,-9.3,0.207,1.58
Garrison Mathews,ATL,7.5,1.3,1.9,Atlanta,82.0,118.2,119.3,102.6,114.6,115.7,-1.1,0.488,-0.27
Matisse Thybulle,POR,7.5,1.9,3.5,Portland,82.0,110.9,113.9,98.8,111.7,114.7,-3.0,0.439,1.22
A.J. Green,MIL,7.4,1.5,2.4,Milwaukee,82.0,115.5,113.0,99.3,115.9,113.5,2.4,0.585,-0.25
Josh Green,CHO,7.4,1.6,2.5,Charlotte,82.0,105.1,114.2,97.6,107.3,116.6,-9.3,0.232,0.21
Richaun Holmes,WAS,7.4,1.4,5.7,Washington,82.0,108.0,120.4,100.9,106.8,119.1,-12.3,0.22,1.57
Damion Baugh,CHO,7.3,3.7,3.3,Charlotte,82.0,105.1,114.2,97.6,107.3,116.6,-9.3,0.232,0.21
Alec Burks,MIA,7.3,1.1,2.5,Miami,82.0,110.6,110.0,96.2,113.5,112.9,0.6,0.451,-0.84
Ricky Council IV,PHI,7.3,1.3,2.9,Philadelphia,82.0,109.6,115.8,97.4,111.9,118.3,-6.4,0.293,-0.13
Andre Drummond,PHI,7.3,0.9,7.8,Philadelphia,82.0,109.6,115.8,97.4,111.9,118.3,-6.4,0.293,-0.13
Tre Jones,SAS,4.4,3.7,2.1,San Antonio,82.0,113.9,116.7,99.3,114.5,117.2,-2.7,0.415,-0.16
Tre Jones,CHI,11.5,4.9,3.2,Chicago,82.0,117.8,119.4,102.7,114.3,115.8,-1.5,0.476,0.26
Goga Bitadze,ORL,7.2,2.0,6.6,Orlando,82.0,105.4,105.5,96.1,109.4,109.5,-0.1,0.5,-0.53
Tristan Da Silva,ORL,7.2,1.5,3.3,Orlando,82.0,105.4,105.5,96.1,109.4,109.5,-0.1,0.5,-0.53
GG Jackson II,MEM,7.2,1.0,3.2,Memphis,82.0,121.7,116.9,103.1,117.9,113.2,4.7,0.585,-0.24
Vit Krejci,ATL,7.2,2.6,2.7,Atlanta,82.0,118.2,119.3,102.6,114.6,115.7,-1.1,0.488,-0.27
Sam Merrill,CLE,7.2,1.5,2.2,Cleveland,82.0,121.9,112.4,99.8,121.8,112.2,9.6,0.78,-1.49
Daeqwon Plowden,ATL,7.2,0.3,1.8,Atlanta,82.0,118.2,119.3,102.6,114.6,115.7,-1.1,0.488,-0.27
Nae'Qwan Tomlin,CLE,7.2,0.4,4.2,Cleveland,82.0,121.9,112.4,99.8,121.8,112.2,9.6,0.78,-1.49
Josh Okogie,PHO,6.0,0.6,2.9,Phoenix,82.0,113.6,116.6,97.1,116.2,119.3,-3.1,0.439,0.32
Josh Okogie,CHO,8.9,1.3,2.7,Charlotte,82.0,105.1,114.2,97.6,107.3,116.6,-9.3,0.232,0.21
Jalen Hood-Schifino,LAL,2.0,0.5,0.5,LA Lakers,82.0,113.4,112.2,97.6,115.9,114.7,1.2,0.61,0.18
Jalen Hood-Schifino,PHI,7.8,2.8,2.0,Philadelphia,82.0,109.6,115.8,97.4,111.9,118.3,-6.4,0.293,-0.13
Jamison Battle,TOR,7.1,0.9,2.7,Toronto,82.0,110.9,115.2,99.7,110.5,114.8,-4.3,0.366,-0.1
Alex Caruso,OKC,7.1,2.5,2.9,Oklahoma City,82.0,120.5,107.6,100.0,120.4,107.5,12.9,0.829,-0.52
Jamal Shead,TOR,7.1,4.2,1.5,Toronto,82.0,110.9,115.2,99.7,110.5,114.8,-4.3,0.366,-0.1
Jeff Dowtin,PHI,7.0,1.9,1.5,Philadelphia,82.0,109.6,115.8,97.4,111.9,118.3,-6.4,0.293,-0.13
Marcus Garrett,CHO,7.0,3.3,1.5,Charlotte,82.0,105.1,114.2,97.6,107.3,116.6,-9.3,0.232,0.21
Isaiah Jackson,IND,7.0,1.0,5.6,Indiana,82.0,117.4,115.1,99.9,116.5,114.3,2.2,0.61,-0.42
Jaylen Sims,CHO,7.0,2.0,1.0,Charlotte,82.0,105.1,114.2,97.6,107.3,116.6,-9.3,0.232,0.21
Orlando Robinson,SAC,2.1,1.0,1.6,Sacramento,82.0,115.7,115.3,98.1,116.8,116.3,0.5,0.488,-0.18
Orlando Robinson,TOR,8.1,1.9,5.9,Toronto,82.0,110.9,115.2,99.7,110.5,114.8,-4.3,0.366,-0.1
Jake LaRavia,MEM,7.3,2.8,4.4,Memphis,82.0,121.7,116.9,103.1,117.9,113.2,4.7,0.585,-0.24
Jake LaRavia,SAC,6.1,1.3,2.8,Sacramento,82.0,115.7,115.3,98.1,116.8,116.3,0.5,0.488,-0.18
Ryan Dunn,PHO,6.9,0.8,3.6,Phoenix,82.0,113.6,116.6,97.1,116.2,119.3,-3.1,0.439,0.32
Jay Huff,MEM,6.9,0.6,2.0,Memphis,82.0,121.7,116.9,103.1,117.9,113.2,4.7,0.585,-0.24
Cameron Payne,NYK,6.9,2.8,1.4,New York,82.0,115.8,111.7,96.7,118.5,114.3,4.2,0.622,-1.05
Antonio Reeves,NOP,6.9,0.9,1.4,New Orleans,82.0,109.8,119.3,99.1,110.4,119.9,-9.5,0.256,1.66
Cody Martin,CHO,7.8,2.3,4.5,Charlotte,82.0,105.1,114.2,97.6,107.3,116.6,-9.3,0.232,0.21
Cody Martin,PHO,3.7,1.1,3.4,Phoenix,82.0,113.6,116.6,97.1,116.2,119.3,-3.1,0.439,0.32
Bol Bol,PHO,6.8,0.6,2.9,Phoenix,82.0,113.6,116.6,97.1,116.2,119.3,-3.1,0.439,0.32
Eric Gordon,PHI,6.8,1.7,1.2,Philadelphia,82.0,109.6,115.8,97.4,111.9,118.3,-6.4,0.293,-0.13
Jaxson Hayes,LAL,6.8,1.0,4.8,LA Lakers,82.0,113.4,112.2,97.6,115.9,114.7,1.2,0.61,0.18
Marcus Bagley,PHI,6.7,1.0,7.0,Philadelphia,82.0,109.6,115.8,97.4,111.9,118.3,-6.4,0.293,-0.13
DaQuan Jeffries,CHO,6.7,1.1,2.9,Charlotte,82.0,105.1,114.2,97.6,107.3,116.6,-9.3,0.232,0.21
Lester Quiñones,PHI,2.3,0.3,1.0,Philadelphia,82.0,109.6,115.8,97.4,111.9,118.3,-6.4,0.293,-0.13
Lester Quiñones,NOP,8.6,2.6,1.7,New Orleans,82.0,109.8,119.3,99.1,110.4,119.9,-9.5,0.256,1.66
Vasilije Micić,CHO,7.5,3.5,2.4,Charlotte,82.0,105.1,114.2,97.6,107.3,116.6,-9.3,0.232,0.21
Vasilije Micić,PHO,0.0,0.2,0.4,Phoenix,82.0,113.6,116.6,97.1,116.2,119.3,-3.1,0.439,0.32
Precious Achiuwa,NYK,6.6,1.0,5.6,New York,82.0,115.8,111.7,96.7,118.5,114.3,4.2,0.622,-1.05
Trayce Jackson-Davis,GSW,6.6,1.7,5.0,Golden State,82.0,113.8,110.5,98.7,115.0,111.7,3.3,0.585,-0.04
Marcus Sasser,DET,6.6,2.3,1.2,Detroit,82.0,115.5,113.6,99.8,115.0,113.1,1.9,0.537,-0.35
Vince Williams Jr.,MEM,6.6,2.0,3.6,Memphis,82.0,121.7,116.9,103.1,117.9,113.2,4.7,0.585,-0.24
Thomas Bryant,MIA,4.1,0.4,3.2,Miami,82.0,110.6,110.0,96.2,113.5,112.9,0.6,0.451,-0.84
Thomas Bryant,IND,6.9,0.9,3.9,Indiana,82.0,117.4,115.1,99.9,116.5,114.3,2.2,0.61,-0.42
Donovan Clingan,POR,6.5,1.1,7.9,Portland,82.0,110.9,113.9,98.8,111.7,114.7,-3.0,0.439,1.22
Seth Curry,CHO,6.5,0.9,1.7,Charlotte,82.0,105.1,114.2,97.6,107.3,116.6,-9.3,0.232,0.21
Haywood Highsmith,MIA,6.5,1.5,3.4,Miami,82.0,110.6,110.0,96.2,113.5,112.9,0.6,0.451,-0.84
Talen Horton-Tucker,CHI,6.5,1.4,1.7,Chicago,82.0,117.8,119.4,102.7,114.3,115.8,-1.5,0.476,0.26
Trey Lyles,SAC,6.5,1.2,4.6,Sacramento,82.0,115.7,115.3,98.1,116.8,116.3,0.5,0.488,-0.18
Ajay Mitchell,OKC,6.5,1.8,1.9,Oklahoma City,82.0,120.5,107.6,100.0,120.4,107.5,12.9,0.829,-0.52
Gary Payton II,GSW,6.5,1.3,3.0,Golden State,82.0,113.8,110.5,98.7,115.0,111.7,3.3,0.585,-0.04
Zach Collins,SAS,4.6,1.4,2.8,San Antonio,82.0,113.9,116.7,99.3,114.5,117.2,-2.7,0.415,-0.16
Zach Collins,CHI,8.6,2.1,6.7,Chicago,82.0,117.8,119.4,102.7,114.3,115.8,-1.5,0.476,0.26
Kris Dunn,LAC,6.4,2.8,3.4,LA Clippers,82.0,112.9,108.2,97.4,115.1,110.3,4.8,0.61,0.03
Ron Holland,DET,6.4,1.0,2.7,Detroit,82.0,115.5,113.6,99.8,115.0,113.1,1.9,0.537,-0.35
KJ Martin,PHI,6.4,0.8,3.0,Philadelphia,82.0,109.6,115.8,97.4,111.9,118.3,-6.4,0.293,-0.13
KJ Martin,UTA,6.3,1.5,2.8,Utah,82.0,111.9,121.2,100.0,111.2,120.5,-9.3,0.207,1.58
Gabe Vincent,LAL,6.4,1.4,1.3,LA Lakers,82.0,113.4,112.2,97.6,115.9,114.7,1.2,0.61,0.18
Sandro Mamukelashvili,SAS,6.3,0.8,3.1,San Antonio,82.0,113.9,116.7,99.3,114.5,117.2,-2.7,0.415,-0.16
Jeremiah Robinson-Earl,NOP,6.3,1.3,4.8,New Orleans,82.0,109.8,119.3,99.1,110.4,119.9,-9.5,0.256,1.66
Kenrich Williams,OKC,6.3,1.4,3.5,Oklahoma City,82.0,120.5,107.6,100.0,120.4,107.5,12.9,0.829,-0.52
Bones Hyland,LAC,7.2,1.4,1.2,LA Clippers,82.0,112.9,108.2,97.4,115.1,110.3,4.8,0.61,0.03
Bones Hyland,MIN,1.3,1.0,0.3,Minnesota,82.0,114.3,109.3,97.3,116.6,111.5,5.1,0.598,-0.17
Jonathan Mogbo,TOR,6.2,2.3,4.9,Toronto,82.0,110.9,115.2,99.7,110.5,114.8,-4.3,0.366,-0.1
Ryan Rollins,MIL,6.2,1.9,1.9,Milwaukee,82.0,115.5,113.0,99.3,115.9,113.5,2.4,0.585,-0.25
Dru Smith,MIA,6.2,1.6,2.6,Miami,82.0,110.6,110.0,96.2,113.5,112.9,0.6,0.451,-0.84
Isaac Okoro,CLE,6.1,1.2,2.4,Cleveland,82.0,121.9,112.4,99.8,121.8,112.2,9.6,0.78,-1.49
Jarace Walker,IND,6.1,1.5,3.1,Indiana,82.0,117.4,115.1,99.9,116.5,114.3,2.2,0.61,-0.42
N'Faly Dante,HOU,6.0,0.5,5.3,Houston,82.0,114.3,109.8,98.7,115.3,110.7,4.6,0.634,-0.01
Mouhamed Gueye,ATL,6.0,0.8,4.2,Atlanta,82.0,118.2,119.3,102.6,114.6,115.7,-1.1,0.488,-0.27
Luke Kornet,BOS,6.0,1.6,5.3,Boston,82.0,116.3,107.2,95.7,120.6,111.2,9.4,0.744,-1.07
Isaiah Mobley,PHI,6.0,5.0,4.0,Philadelphia,82.0,109.6,115.8,97.4,111.9,118.3,-6.4,0.293,-0.13
Isaiah Stewart,DET,6.0,1.7,5.5,Detroit,82.0,115.5,113.6,99.8,115.0,113.1,1.9,0.537,-0.35
James Wiseman,IND,6.0,0.0,1.0,Indiana,82.0,117.4,115.1,99.9,116.5,114.3,2.2,0.61,-0.42
Isaiah Wong,CHO,6.0,1.4,1.6,Charlotte,82.0,105.1,114.2,97.6,107.3,116.6,-9.3,0.232,0.21
Cole Swider,DET,0.0,0.5,1.0,Detroit,82.0,115.5,113.6,99.8,115.0,113.1,1.9,0.537,-0.35
Cole Swider,TOR,7.4,0.3,3.1,Toronto,82.0,110.9,115.2,99.7,110.5,114.8,-4.3,0.366,-0.1
Chuma Okeke,PHI,6.9,1.9,6.1,Philadelphia,82.0,109.6,115.8,97.4,111.9,118.3,-6.4,0.293,-0.13
Chuma Okeke,CLE,2.5,1.0,2.0,Cleveland,82.0,121.9,112.4,99.8,121.8,112.2,9.6,0.78,-1.49
Kyle Anderson,GSW,5.3,2.3,3.1,Golden State,82.0,113.8,110.5,98.7,115.0,111.7,3.3,0.585,-0.04
Kyle Anderson,MIA,6.7,2.6,3.8,Miami,82.0,110.6,110.0,96.2,113.5,112.9,0.6,0.451,-0.84
Simone Fontecchio,DET,5.9,0.9,2.9,Detroit,82.0,115.5,113.6,99.8,115.0,113.1,1.9,0.537,-0.35
Collin Gillespie,PHO,5.9,2.4,2.4,Phoenix,82.0,113.6,116.6,97.1,116.2,119.3,-3.1,0.439,0.32
Tidjane Salaün,CHO,5.9,1.2,4.7,Charlotte,82.0,105.1,114.2,97.6,107.3,116.6,-9.3,0.232,0.21
Jaylin Williams,OKC,5.9,2.6,5.6,Oklahoma City,82.0,120.5,107.6,100.0,120.4,107.5,12.9,0.829,-0.52
Moses Brown,IND,3.2,0.0,1.4,Indiana,82.0,117.4,115.1,99.9,116.5,114.3,2.2,0.61,-0.42
Moses Brown,DAL,11.8,0.5,7.8,Dallas,82.0,114.2,115.4,99.2,114.8,116.0,-1.2,0.476,-0.22
Adem Bona,PHI,5.8,0.5,4.2,Philadelphia,82.0,109.6,115.8,97.4,111.9,118.3,-6.4,0.293,-0.13
Quenton Jackson,IND,5.8,1.9,1.6,Indiana,82.0,117.4,115.1,99.9,116.5,114.3,2.2,0.61,-0.42
Robert Williams,POR,5.8,1.1,5.9,Portland,82.0,110.9,113.9,98.8,111.7,114.7,-3.0,0.439,1.22
Moussa Diabaté,CHO,5.7,0.8,6.2,Charlotte,82.0,105.1,114.2,97.6,107.3,116.6,-9.3,0.232,0.21
Dariq Whitehead,BRK,5.7,0.6,1.5,Brooklyn,82.0,105.1,112.2,96.4,108.5,115.8,-7.3,0.317,0.35
Landry Shamet,NYK,5.7,0.5,1.2,New York,82.0,115.8,111.7,96.7,118.5,114.3,4.2,0.622,-1.05
Jordan Goodwin,LAL,5.6,1.4,3.9,LA Lakers,82.0,113.4,112.2,97.6,115.9,114.7,1.2,0.61,0.18
Shake Milton,BRK,7.4,2.4,1.9,Brooklyn,82.0,105.1,112.2,96.4,108.5,115.8,-7.3,0.317,0.35
Shake Milton,LAL,3.9,1.3,1.8,LA Lakers,82.0,113.4,112.2,97.6,115.9,114.7,1.2,0.61,0.18
Aaron Holiday,HOU,5.5,1.3,1.3,Houston,82.0,114.3,109.8,98.7,115.3,110.7,4.6,0.634,-0.01
Jeff Green,HOU,5.4,0.6,1.8,Houston,82.0,114.3,109.8,98.7,115.3,110.7,4.6,0.634,-0.01
Jonathan Isaac,ORL,5.4,0.6,4.4,Orlando,82.0,105.4,105.5,96.1,109.4,109.5,-0.1,0.5,-0.53
Dean Wade,CLE,5.4,1.3,4.2,Cleveland,82.0,121.9,112.4,99.8,121.8,112.2,9.6,0.78,-1.49
Keaton Wallace,ATL,5.4,2.6,1.6,Atlanta,82.0,118.2,119.3,102.6,114.6,115.7,-1.1,0.488,-0.27
Kobe Bufkin,ATL,5.3,1.7,2.1,Atlanta,82.0,118.2,119.3,102.6,114.6,115.7,-1.1,0.488,-0.27
Jamal Cain,NOP,5.3,0.6,2.3,New Orleans,82.0,109.8,119.3,99.1,110.4,119.9,-9.5,0.256,1.66
Pat Connaughton,MIL,5.3,1.7,2.7,Milwaukee,82.0,115.5,113.0,99.3,115.9,113.5,2.4,0.585,-0.25
Kevin Love,MIA,5.3,1.0,4.1,Miami,82.0,110.6,110.0,96.2,113.5,112.9,0.6,0.451,-0.84
Ben Sheppard,IND,5.3,1.3,2.8,Indiana,82.0,117.4,115.1,99.9,116.5,114.3,2.2,0.61,-0.42
Monte Morris,PHO,5.2,1.6,1.5,Phoenix,82.0,113.6,116.6,97.1,116.2,119.3,-3.1,0.439,0.32
Jabari Walker,POR,5.2,0.6,3.5,Portland,82.0,110.9,113.9,98.8,111.7,114.7,-3.0,0.439,1.22
Javonte Green,NOP,5.8,0.9,3.6,New Orleans,82.0,109.8,119.3,99.1,110.4,119.9,-9.5,0.256,1.66
Javonte Green,CLE,3.3,0.6,2.2,Cleveland,82.0,121.9,112.4,99.8,121.8,112.2,9.6,0.78,-1.49
Alex Reese,OKC,2.0,0.0,1.0,Oklahoma City,82.0,120.5,107.6,100.0,120.4,107.5,12.9,0.829,-0.52
Alex Reese,PHI,5.3,0.3,3.3,Philadelphia,82.0,109.6,115.8,97.4,111.9,118.3,-6.4,0.293,-0.13
Bismack Biyombo,SAS,5.1,1.1,5.6,San Antonio,82.0,113.9,116.7,99.3,114.5,117.2,-2.7,0.415,-0.16
Mitchell Robinson,NYK,5.1,0.8,5.9,New York,82.0,115.8,111.7,96.7,118.5,114.3,4.2,0.622,-1.05
Kai Jones,LAC,2.2,0.4,1.6,LA Clippers,82.0,112.9,108.2,97.4,115.1,110.3,4.8,0.61,0.03
Kai Jones,DAL,11.4,1.3,6.6,Dallas,82.0,114.2,115.4,99.2,114.8,116.0,-1.2,0.476,-0.22
Ben Simmons,BRK,6.2,6.9,5.2,Brooklyn,82.0,105.1,112.2,96.4,108.5,115.8,-7.3,0.317,0.35
Ben Simmons,LAC,2.9,3.1,3.8,LA Clippers,82.0,112.9,108.2,97.4,115.1,110.3,4.8,0.61,0.03
Malaki Branham,SAS,5.0,0.8,1.1,San Antonio,82.0,113.9,116.7,99.3,114.5,117.2,-2.7,0.415,-0.16
Neemias Queta,BOS,5.0,0.7,3.8,Boston,82.0,116.3,107.2,95.7,120.6,111.2,9.4,0.744,-1.07
Alondes Williams,DET,5.0,1.0,0.0,Detroit,82.0,115.5,113.6,99.8,115.0,113.1,1.9,0.537,-0.35
Jaylen Martin,BRK,1.0,0.0,0.0,Brooklyn,82.0,105.1,112.2,96.4,108.5,115.8,-7.3,0.317,0.35
Jaylen Martin,WAS,5.8,1.3,3.4,Washington,82.0,108.0,120.4,100.9,106.8,119.1,-12.3,0.22,1.57
Lindy Waters III,GSW,5.5,1.1,2.5,Golden State,82.0,113.8,110.5,98.7,115.0,111.7,3.3,0.585,-0.04
Lindy Waters III,DET,3.4,0.7,1.0,Detroit,82.0,115.5,113.6,99.8,115.0,113.1,1.9,0.537,-0.35
Trevelin Queen,ORL,4.9,1.2,1.7,Orlando,82.0,105.4,105.5,96.1,109.4,109.5,-0.1,0.5,-0.53
Jock Landale,HOU,4.8,0.9,3.3,Houston,82.0,114.3,109.8,98.7,115.3,110.7,4.6,0.634,-0.01
Colin Castleton,MEM,1.4,0.0,0.9,Memphis,82.0,121.7,116.9,103.1,117.9,113.2,4.7,0.585,-0.24
Colin Castleton,TOR,7.2,1.6,6.9,Toronto,82.0,110.9,115.2,99.7,110.5,114.8,-4.3,0.366,-0.1
Colin Castleton,PHI,6.0,2.0,7.4,Philadelphia,82.0,109.6,115.8,97.4,111.9,118.3,-6.4,0.293,-0.13
Taylor Hendricks,UTA,4.7,0.7,5.0,Utah,82.0,111.9,121.2,100.0,111.2,120.5,-9.3,0.207,1.58
David Roddy,ATL,4.5,1.1,2.6,Atlanta,82.0,118.2,119.3,102.6,114.6,115.7,-1.1,0.488,-0.27
David Roddy,PHI,6.0,1.0,3.0,Philadelphia,82.0,109.6,115.8,97.4,111.9,118.3,-6.4,0.293,-0.13
David Roddy,HOU,4.3,0.7,1.7,Houston,82.0,114.3,109.8,98.7,115.3,110.7,4.6,0.634,-0.01
Drew Eubanks,UTA,5.8,1.2,4.5,Utah,82.0,111.9,121.2,100.0,111.2,120.5,-9.3,0.207,1.58
Drew Eubanks,LAC,2.7,0.4,2.4,LA Clippers,82.0,112.9,108.2,97.4,115.1,110.3,4.8,0.61,0.03
Pelle Larsson,MIA,4.6,1.2,1.7,Miami,82.0,110.6,110.0,96.2,113.5,112.9,0.6,0.451,-0.84
Julian Phillips,CHI,4.6,0.5,2.1,Chicago,82.0,117.8,119.4,102.7,114.3,115.8,-1.5,0.476,0.26
Cody Williams,UTA,4.6,1.2,2.3,Utah,82.0,111.9,121.2,100.0,111.2,120.5,-9.3,0.207,1.58
Rob Dillingham,MIN,4.5,2.0,1.0,Minnesota,82.0,114.3,109.3,97.3,116.6,111.5,5.1,0.598,-0.17
Jett Howard,ORL,4.5,0.7,1.2,Orlando,82.0,105.4,105.5,96.1,109.4,109.5,-0.1,0.5,-0.53
Kevon Looney,GSW,4.5,1.6,6.1,Golden State,82.0,113.8,110.5,98.7,115.0,111.7,3.3,0.585,-0.04
Mason Plumlee,PHO,4.5,1.8,6.1,Phoenix,82.0,113.6,116.6,97.1,116.2,119.3,-3.1,0.439,0.32
Dalen Terry,CHI,4.5,1.3,1.7,Chicago,82.0,117.8,119.4,102.7,114.3,115.8,-1.5,0.476,0.26
Marvin Bagley III,WAS,4.9,0.4,2.9,Washington,82.0,108.0,120.4,100.9,106.8,119.1,-12.3,0.22,1.57
Marvin Bagley III,MEM,3.6,0.3,2.3,Memphis,82.0,121.7,116.9,103.1,117.9,113.2,4.7,0.585,-0.24
Charles Bassey,SAS,4.4,0.5,4.2,San Antonio,82.0,113.9,116.7,99.3,114.5,117.2,-2.7,0.415,-0.16
Tony Bradley,IND,4.4,0.4,3.0,Indiana,82.0,117.4,115.1,99.9,116.5,114.3,2.2,0.61,-0.42
Reggie Jackson,PHI,4.4,1.5,1.4,Philadelphia,82.0,109.6,115.8,97.4,111.9,118.3,-6.4,0.293,-0.13
Reed Sheppard,HOU,4.4,1.4,1.5,Houston,82.0,114.3,109.8,98.7,115.3,110.7,4.6,0.634,-0.01
Lamar Stevens,MEM,4.4,0.5,2.2,Memphis,82.0,121.7,116.9,103.1,117.9,113.2,4.7,0.585,-0.24
Mo Bamba,LAC,4.6,0.6,4.3,LA Clippers,82.0,112.9,108.2,97.4,115.1,110.3,4.8,0.61,0.03
Mo Bamba,NOP,2.5,0.5,6.3,New Orleans,82.0,109.8,119.3,99.1,110.4,119.9,-9.5,0.256,1.66
Jevon Carter,CHI,4.3,1.1,1.1,Chicago,82.0,117.8,119.4,102.7,114.3,115.8,-1.5,0.476,0.26
Micah Potter,UTA,4.3,0.8,4.3,Utah,82.0,111.9,121.2,100.0,111.2,120.5,-9.3,0.207,1.58
Terrence Shannon Jr. ,MIN,4.3,1.0,1.5,Minnesota,82.0,114.3,109.3,97.3,116.6,111.5,5.1,0.598,-0.17
Daniel Theis,NOP,4.3,1.6,4.3,New Orleans,82.0,109.8,119.3,99.1,110.4,119.9,-9.5,0.256,1.66
Torrey Craig,CHI,6.9,0.6,2.8,Chicago,82.0,117.8,119.4,102.7,114.3,115.8,-1.5,0.476,0.26
Torrey Craig,BOS,2.7,0.7,2.8,Boston,82.0,116.3,107.2,95.7,120.6,111.2,9.4,0.744,-1.07
Wendell Moore Jr.,DET,3.2,1.2,2.2,Detroit,82.0,115.5,113.6,99.8,115.0,113.1,1.9,0.537,-0.35
Wendell Moore Jr.,CHO,5.4,1.2,3.2,Charlotte,82.0,105.1,114.2,97.6,107.3,116.6,-9.3,0.232,0.21
Dominick Barlow,ATL,4.2,0.5,2.4,Atlanta,82.0,118.2,119.3,102.6,114.6,115.7,-1.1,0.488,-0.27
Kessler Edwards,DAL,4.2,1.1,2.9,Dallas,82.0,114.2,115.4,99.2,114.8,116.0,-1.2,0.476,-0.22
Oso Ighodaro,PHO,4.2,1.2,3.6,Phoenix,82.0,113.6,116.6,97.1,116.2,119.3,-3.1,0.439,0.32
Kris Murray,POR,4.2,1.0,2.6,Portland,82.0,110.9,113.9,98.8,111.7,114.7,-3.0,0.439,1.22
Duop Reath,POR,4.2,0.6,2.0,Portland,82.0,110.9,113.9,98.8,111.7,114.7,-3.0,0.439,1.22
Cam Spencer,MEM,4.2,1.4,1.2,Memphis,82.0,121.7,116.9,103.1,117.9,113.2,4.7,0.585,-0.24
Maxwell Lewis,LAL,0.6,0.3,0.3,LA Lakers,82.0,113.4,112.2,97.6,115.9,114.7,1.2,0.61,0.18
Maxwell Lewis,BRK,5.3,0.8,2.5,Brooklyn,82.0,105.1,112.2,96.4,108.5,115.8,-7.3,0.317,0.35
Jaylen Clark,MIN,4.1,0.7,1.3,Minnesota,82.0,114.3,109.3,97.3,116.6,111.5,5.1,0.598,-0.17
Caleb Houstan,ORL,4.1,0.6,1.3,Orlando,82.0,105.4,105.5,96.1,109.4,109.5,-0.1,0.5,-0.53
Jordan Miller,LAC,4.1,0.9,1.6,LA Clippers,82.0,112.9,108.2,97.4,115.1,110.3,4.8,0.61,0.03
Jalen Pickett,DEN,4.1,2.2,1.4,Denver,82.0,120.8,116.9,99.8,119.9,116.1,3.8,0.61,0.04
Paul Reed,DET,4.1,1.0,2.7,Detroit,82.0,115.5,113.6,99.8,115.0,113.1,1.9,0.537,-0.35
Gui Santos,GSW,4.1,1.4,3.1,Golden State,82.0,113.8,110.5,98.7,115.0,111.7,3.3,0.585,-0.04
Jarred Vanderbilt,LAL,4.1,1.1,5.1,LA Lakers,82.0,113.4,112.2,97.6,115.9,114.7,1.2,0.61,0.18
Colby Jones,SAC,1.1,0.3,1.0,Sacramento,82.0,115.7,115.3,98.1,116.8,116.3,0.5,0.488,-0.18
Colby Jones,WAS,8.7,2.5,4.3,Washington,82.0,108.0,120.4,100.9,106.8,119.1,-12.3,0.22,1.57
Nicolas Batum,LAC,4.0,1.1,2.8,LA Clippers,82.0,112.9,108.2,97.4,115.1,110.3,4.8,0.61,0.03
Malachi Flynn,CHO,4.0,1.8,1.8,Charlotte,82.0,105.1,114.2,97.6,107.3,116.6,-9.3,0.232,0.21
Ron Harper Jr.,DET,4.0,2.0,7.0,Detroit,82.0,115.5,113.6,99.8,115.0,113.1,1.9,0.537,-0.35
Josh Richardson,MIA,4.0,1.5,1.5,Miami,82.0,110.6,110.0,96.2,113.5,112.9,0.6,0.451,-0.84
Steven Adams,HOU,3.9,1.1,5.6,Houston,82.0,114.3,109.8,98.7,115.3,110.7,4.6,0.634,-0.01
Kyle Lowry,PHI,3.9,2.7,1.9,Philadelphia,82.0,109.6,115.8,97.4,111.9,118.3,-6.4,0.293,-0.13
Olivier-Maxence Prosper,DAL,3.9,0.8,2.4,Dallas,82.0,114.2,115.4,99.2,114.8,116.0,-1.2,0.476,-0.22
Patty Mills,UTA,4.4,1.2,1.2,Utah,82.0,111.9,121.2,100.0,111.2,120.5,-9.3,0.207,1.58
Patty Mills,LAC,3.1,0.4,0.1,LA Clippers,82.0,112.9,108.2,97.4,115.1,110.3,4.8,0.61,0.03
Branden Carlson,OKC,3.8,0.4,1.7,Oklahoma City,82.0,120.5,107.6,100.0,120.4,107.5,12.9,0.829,-0.52
Devin Carter,SAC,3.8,1.1,2.1,Sacramento,82.0,115.7,115.3,98.1,116.8,116.3,0.5,0.488,-0.18
Ousmane Dieng,OKC,3.8,0.8,2.2,Oklahoma City,82.0,120.5,107.6,100.0,120.4,107.5,12.9,0.829,-0.52
Markieff Morris,DAL,1.7,0.6,1.1,Dallas,82.0,114.2,115.4,99.2,114.8,116.0,-1.2,0.476,-0.22
Markieff Morris,LAL,5.5,2.1,1.9,LA Lakers,82.0,113.4,112.2,97.6,115.9,114.7,1.2,0.61,0.18
Emoni Bates,CLE,3.7,0.8,0.7,Cleveland,82.0,121.9,112.4,99.8,121.8,112.2,9.6,0.78,-1.49
DeAndre Jordan,DEN,3.7,0.9,5.1,Denver,82.0,120.8,116.9,99.8,119.9,116.1,3.8,0.61,0.04
Craig Porter Jr.,CLE,3.7,1.4,1.3,Cleveland,82.0,121.9,112.4,99.8,121.8,112.2,9.6,0.78,-1.49
Jackson Rowe,GSW,3.7,0.7,1.8,Golden State,82.0,113.8,110.5,98.7,115.0,111.7,3.3,0.585,-0.04
Blake Wesley,SAS,3.7,2.0,1.1,San Antonio,82.0,113.9,116.7,99.3,114.5,117.2,-2.7,0.415,-0.16
JT Thor,CLE,3.1,0.1,0.7,Cleveland,82.0,121.9,112.4,99.8,121.8,112.2,9.6,0.78,-1.49
JT Thor,WAS,3.9,0.5,3.8,Washington,82.0,108.0,120.4,100.9,106.8,119.1,-12.3,0.22,1.57
Baylor Scheierman,BOS,3.6,1.1,2.1,Boston,82.0,116.3,107.2,95.7,120.6,111.2,9.4,0.744,-1.07
Jae'Sean Tate,HOU,3.6,0.9,2.3,Houston,82.0,114.3,109.8,98.7,115.3,110.7,4.6,0.634,-0.01
Jaylon Tyson,CLE,3.6,0.9,2.0,Cleveland,82.0,121.9,112.4,99.8,121.8,112.2,9.6,0.78,-1.49
Elfrid Payton,NOP,4.4,8.1,3.7,New Orleans,82.0,109.8,119.3,99.1,110.4,119.9,-9.5,0.256,1.66
Elfrid Payton,CHO,1.0,3.3,2.2,Charlotte,82.0,105.1,114.2,97.6,107.3,116.6,-9.3,0.232,0.21
Luka Garza,MIN,3.5,0.3,1.4,Minnesota,82.0,114.3,109.3,97.3,116.6,111.5,5.1,0.598,-0.17
Cory Joseph,ORL,3.5,1.4,1.5,Orlando,82.0,105.4,105.5,96.1,109.4,109.5,-0.1,0.5,-0.53
Doug McDermott,SAC,3.5,0.2,0.5,Sacramento,82.0,115.7,115.3,98.1,116.8,116.3,0.5,0.488,-0.18
Dario Šarić,DEN,3.5,1.4,3.1,Denver,82.0,120.8,116.9,99.8,119.9,116.1,3.8,0.61,0.04
Jamaree Bouyea,MIL,3.4,2.0,1.0,Milwaukee,82.0,115.5,113.0,99.3,115.9,113.5,2.4,0.585,-0.25
Bruno Fernando,TOR,3.4,1.1,3.0,Toronto,82.0,110.9,115.2,99.7,110.5,114.8,-4.3,0.366,-0.1
Andre Jackson Jr.,MIL,3.4,1.2,2.7,Milwaukee,82.0,115.5,113.0,99.3,115.9,113.5,2.4,0.585,-0.25
Isaac Jones,SAC,3.4,0.3,1.4,Sacramento,82.0,115.7,115.3,98.1,116.8,116.3,0.5,0.488,-0.18
Kevin Knox,GSW,3.3,0.4,1.2,Golden State,82.0,113.8,110.5,98.7,115.0,111.7,3.3,0.585,-0.04
Damion Lee,PHO,3.3,0.4,0.8,Phoenix,82.0,113.6,116.6,97.1,116.2,119.3,-3.1,0.439,0.32
Jeenathan Williams,HOU,3.3,0.5,0.7,Houston,82.0,114.3,109.8,98.7,115.3,110.7,4.6,0.634,-0.01
Elijah Harkless,UTA,3.2,0.8,2.1,Utah,82.0,111.9,121.2,100.0,111.2,120.5,-9.3,0.207,1.58
Zeke Nnaji,DEN,3.2,0.4,1.6,Denver,82.0,120.8,116.9,99.8,119.9,116.1,3.8,0.61,0.04
Cam Reddish,LAL,3.2,0.7,2.0,LA Lakers,82.0,113.4,112.2,97.6,115.9,114.7,1.2,0.61,0.18
Delon Wright,MIL,2.5,1.8,1.8,Milwaukee,82.0,115.5,113.0,99.3,115.9,113.5,2.4,0.585,-0.25
Delon Wright,NYK,4.3,2.1,1.4,New York,82.0,115.8,111.7,96.7,118.5,114.3,4.2,0.622,-1.05
Kylor Kelley,DAL,3.0,0.3,2.6,Dallas,82.0,114.2,115.4,99.2,114.8,116.0,-1.2,0.476,-0.22
Kylor Kelley,NOP,3.3,1.0,6.0,New Orleans,82.0,109.8,119.3,99.1,110.4,119.9,-9.5,0.256,1.66
Gary Harris,ORL,3.0,0.6,1.3,Orlando,82.0,105.4,105.5,96.1,109.4,109.5,-0.1,0.5,-0.53
Maxi Kleber,DAL,3.0,1.3,2.8,Dallas,82.0,114.2,115.4,99.2,114.8,116.0,-1.2,0.476,-0.22
Taze Moore,POR,3.0,0.5,4.0,Portland,82.0,110.9,113.9,98.8,111.7,114.7,-3.0,0.439,1.22
Rayan Rupert,POR,3.0,0.5,1.3,Portland,82.0,110.9,113.9,98.8,111.7,114.7,-3.0,0.439,1.22
P.J. Tucker,NYK,3.0,0.0,2.7,New York,82.0,115.8,111.7,96.7,118.5,114.3,4.2,0.622,-1.05
Pete Nance,PHI,2.1,0.4,1.4,Philadelphia,82.0,109.6,115.8,97.4,111.9,118.3,-6.4,0.293,-0.13
Pete Nance,MIL,3.8,1.2,1.8,Milwaukee,82.0,115.5,113.0,99.3,115.9,113.5,2.4,0.585,-0.25
Markelle Fultz,SAC,2.9,1.3,1.0,Sacramento,82.0,115.7,115.3,98.1,116.8,116.3,0.5,0.488,-0.18
Taj Gibson,CHO,2.9,0.6,3.2,Charlotte,82.0,105.1,114.2,97.6,107.3,116.6,-9.3,0.232,0.21
Tyler Smith,MIL,2.9,0.2,1.1,Milwaukee,82.0,115.5,113.0,99.3,115.9,113.5,2.4,0.585,-0.25
RayJ Dennis,IND,2.7,1.3,1.1,Indiana,82.0,117.4,115.1,99.9,116.5,114.3,2.2,0.61,-0.42
David Duke Jr.,SAS,2.7,0.7,0.8,San Antonio,82.0,113.9,116.7,99.3,114.5,117.2,-2.7,0.415,-0.16
Keshad Johnson,MIA,2.7,0.3,1.8,Miami,82.0,110.6,110.0,96.2,113.5,112.9,0.6,0.451,-0.84
Reece Beekman,GSW,1.0,0.5,0.5,Golden State,82.0,113.8,110.5,98.7,115.0,111.7,3.3,0.585,-0.04
Reece Beekman,BRK,2.7,1.8,1.1,Brooklyn,82.0,105.1,112.2,96.4,108.5,115.8,-7.3,0.317,0.35
Jae Crowder,SAC,2.6,0.7,2.2,Sacramento,82.0,115.7,115.3,98.1,116.8,116.3,0.5,0.488,-0.18
Josh Minott,MIN,2.6,0.4,1.0,Minnesota,82.0,114.3,109.3,97.3,116.6,111.5,5.1,0.598,-0.17
Hunter Tyson,DEN,2.6,0.4,1.5,Denver,82.0,120.8,116.9,99.8,119.9,116.1,3.8,0.61,0.04
Jaden Springer,BOS,1.7,0.4,0.9,Boston,82.0,116.3,107.2,95.7,120.6,111.2,9.4,0.744,-1.07
Jaden Springer,UTA,3.8,1.4,2.0,Utah,82.0,111.9,121.2,100.0,111.2,120.5,-9.3,0.207,1.58
Trey Jemison,NOP,2.4,0.6,2.8,New Orleans,82.0,109.8,119.3,99.1,110.4,119.9,-9.5,0.256,1.66
Trey Jemison,LAL,2.6,0.3,2.8,LA Lakers,82.0,113.4,112.2,97.6,115.9,114.7,1.2,0.61,0.18
Anthony Gill,WAS,2.5,0.3,1.3,Washington,82.0,108.0,120.4,100.9,106.8,119.1,-12.3,0.22,1.57
Dillon Jones,OKC,2.5,1.1,2.2,Oklahoma City,82.0,120.5,107.6,100.0,120.4,107.5,12.9,0.829,-0.52
Pat Spencer,GSW,2.5,1.2,1.2,Golden State,82.0,113.8,110.5,98.7,115.0,111.7,3.3,0.585,-0.04
Johnny Davis,WAS,2.4,0.3,1.1,Washington,82.0,108.0,120.4,100.9,106.8,119.1,-12.3,0.22,1.57
Christian Koloko,LAL,2.4,0.4,2.5,LA Lakers,82.0,113.4,112.2,97.6,115.9,114.7,1.2,0.61,0.18
John Konchar,MEM,2.4,0.9,3.3,Memphis,82.0,121.7,116.9,103.1,117.9,113.2,4.7,0.585,-0.24
MarJon Beauchamp,MIL,2.0,0.3,1.2,Milwaukee,82.0,115.5,113.0,99.3,115.9,113.5,2.4,0.585,-0.25
MarJon Beauchamp,LAC,4.0,0.7,1.0,LA Clippers,82.0,112.9,108.2,97.4,115.1,110.3,4.8,0.61,0.03
MarJon Beauchamp,NYK,2.5,0.2,1.5,New York,82.0,115.8,111.7,96.7,118.5,114.3,4.2,0.622,-1.05
Bronny James,LAL,2.3,0.8,0.7,LA Lakers,82.0,113.4,112.2,97.6,115.9,114.7,1.2,0.61,0.18
Mason Jones,SAC,2.3,1.1,0.9,Sacramento,82.0,115.7,115.3,98.1,116.8,116.3,0.5,0.488,-0.18
Miles Norris,BOS,2.3,0.0,3.0,Boston,82.0,116.3,107.2,95.7,120.6,111.2,9.4,0.744,-1.07
Patrick Baldwin Jr.,WAS,2.1,0.1,1.0,Washington,82.0,108.0,120.4,100.9,106.8,119.1,-12.3,0.22,1.57
Patrick Baldwin Jr.,LAC,3.0,0.5,1.5,LA Clippers,82.0,112.9,108.2,97.4,115.1,110.3,4.8,0.61,0.03
Drew Peterson,BOS,2.2,0.5,1.6,Boston,82.0,116.3,107.2,95.7,120.6,111.2,9.4,0.744,-1.07
TyTy Washington Jr.,PHO,2.2,1.0,0.8,Phoenix,82.0,113.6,116.6,97.1,116.2,119.3,-3.1,0.439,0.32
Jordan McLaughlin,SAC,1.9,0.9,0.8,Sacramento,82.0,115.7,115.3,98.1,116.8,116.3,0.5,0.488,-0.18
Jordan McLaughlin,SAS,2.5,1.5,0.5,San Antonio,82.0,113.9,116.7,99.3,114.5,117.2,-2.7,0.415,-0.16
JD Davison,BOS,2.1,0.8,0.8,Boston,82.0,116.3,107.2,95.7,120.6,111.2,9.4,0.744,-1.07
Chris Duarte,CHI,2.1,0.5,1.2,Chicago,82.0,117.8,119.4,102.7,114.3,115.8,-1.5,0.476,0.26
Enrique Freeman,IND,2.1,0.4,1.4,Indiana,82.0,117.4,115.1,99.9,116.5,114.3,2.2,0.61,-0.42
Johnny Furphy,IND,2.1,0.4,1.4,Indiana,82.0,117.4,115.1,99.9,116.5,114.3,2.2,0.61,-0.42
Dwight Powell,DAL,2.1,1.0,2.1,Dallas,82.0,114.2,115.4,99.2,114.8,116.0,-1.2,0.476,-0.22
Josh Christopher,MIA,2.0,0.6,0.6,Miami,82.0,110.6,110.0,96.2,113.5,112.9,0.6,0.451,-0.84
Tyler Kolek,NYK,2.0,1.7,0.7,New York,82.0,115.8,111.7,96.7,118.5,114.3,4.2,0.622,-1.05
Adama Sanogo,CHI,2.0,0.3,1.5,Chicago,82.0,117.8,119.4,102.7,114.3,115.8,-1.5,0.476,0.26
Kobe Brown,LAC,1.9,0.6,1.6,LA Clippers,82.0,112.9,108.2,97.4,115.1,110.3,4.8,0.61,0.03
Ariel Hukporti,NYK,1.9,0.4,2.0,New York,82.0,115.8,111.7,96.7,118.5,114.3,4.2,0.622,-1.05
Bobi Klintman,DET,1.9,0.9,0.9,Detroit,82.0,115.5,113.6,99.8,115.0,113.1,1.9,0.537,-0.35
Garrett Temple,TOR,1.9,1.1,1.0,Toronto,82.0,110.9,115.2,99.7,110.5,114.8,-4.3,0.366,-0.1
Jericho Sims,NYK,1.6,0.6,3.3,New York,82.0,115.8,111.7,96.7,118.5,114.3,4.2,0.622,-1.05
Jericho Sims,MIL,2.4,0.8,4.9,Milwaukee,82.0,115.5,113.0,99.3,115.9,113.5,2.4,0.585,-0.25
Vlatko Čančar,DEN,1.8,0.7,2.5,Denver,82.0,120.8,116.9,99.8,119.9,116.1,3.8,0.61,0.04
Adam Flagler,OKC,1.8,0.3,0.7,Oklahoma City,82.0,120.5,107.6,100.0,120.4,107.5,12.9,0.829,-0.52
Trentyn Flowers,LAC,1.8,0.0,0.7,LA Clippers,82.0,112.9,108.2,97.4,115.1,110.3,4.8,0.61,0.03
E.J. Liddell,CHI,1.8,0.3,0.8,Chicago,82.0,117.8,119.4,102.7,114.3,115.8,-1.5,0.476,0.26
Jahmir Young,CHI,1.8,1.0,0.5,Chicago,82.0,117.8,119.4,102.7,114.3,115.8,-1.5,0.476,0.26
Pacome Dadiet,NYK,1.7,0.3,1.0,New York,82.0,115.8,111.7,96.7,118.5,114.3,4.2,0.622,-1.05
Alex Ducas,OKC,1.7,0.2,1.2,Oklahoma City,82.0,120.5,107.6,100.0,120.4,107.5,12.9,0.829,-0.52
PJ Hall,DEN,1.7,0.2,1.2,Denver,82.0,120.8,116.9,99.8,119.9,116.1,3.8,0.61,0.04
Emanuel Miller,CHI,1.7,0.3,1.3,Chicago,82.0,117.8,119.4,102.7,114.3,115.8,-1.5,0.476,0.26
Tristan Thompson,CLE,1.7,0.6,3.4,Cleveland,82.0,121.9,112.4,99.8,121.8,112.2,9.6,0.78,-1.49
Alex Len,SAC,1.4,0.8,1.8,Sacramento,82.0,115.7,115.3,98.1,116.8,116.3,0.5,0.488,-0.18
Alex Len,LAL,2.2,0.8,3.1,LA Lakers,82.0,113.4,112.2,97.6,115.9,114.7,1.2,0.61,0.18
Yuki Kawamura,MEM,1.6,0.9,0.5,Memphis,82.0,121.7,116.9,103.1,117.9,113.2,4.7,0.585,-0.24
Jack McVeigh,HOU,1.6,0.1,0.6,Houston,82.0,114.3,109.8,98.7,115.3,110.7,4.6,0.634,-0.01
Armel Traoré,LAL,1.6,0.1,1.7,LA Lakers,82.0,113.4,112.2,97.6,115.9,114.7,1.2,0.61,0.18
Jordan Walsh,BOS,1.6,0.4,1.3,Boston,82.0,116.3,107.2,95.7,120.6,111.2,9.4,0.744,-1.07
Phillip Wheeler,PHI,1.6,0.4,1.6,Philadelphia,82.0,109.6,115.8,97.4,111.9,118.3,-6.4,0.293,-0.13
Sidy Cissoko,SAS,1.3,0.4,0.6,San Antonio,82.0,113.9,116.7,99.3,114.5,117.2,-2.7,0.415,-0.16
Sidy Cissoko,POR,2.0,1.8,2.2,Portland,82.0,110.9,113.9,98.8,111.7,114.7,-3.0,0.439,1.22
Jazian Gortman,DAL,1.5,0.4,0.3,Dallas,82.0,114.2,115.4,99.2,114.8,116.0,-1.2,0.476,-0.22
Kevin McCullar Jr.,NYK,1.5,0.5,2.0,New York,82.0,115.8,111.7,96.7,118.5,114.3,4.2,0.622,-1.05
Leonard Miller,MIN,1.5,0.0,0.8,Minnesota,82.0,114.3,109.3,97.3,116.6,111.5,5.1,0.598,-0.17
Quincy Olivari,LAL,1.5,0.5,0.0,LA Lakers,82.0,113.4,112.2,97.6,115.9,114.7,1.2,0.61,0.18
Matt Ryan,NYK,1.5,0.2,0.4,New York,82.0,115.8,111.7,96.7,118.5,114.3,4.2,0.622,-1.05
Jacob Toppin,NYK,0.4,0.3,0.7,New York,82.0,115.8,111.7,96.7,118.5,114.3,4.2,0.622,-1.05
Jacob Toppin,ATL,17.0,2.0,4.0,Atlanta,82.0,118.2,119.3,102.6,114.6,115.7,-1.1,0.488,-0.27
Cam Christie,LAC,1.4,0.5,0.9,LA Clippers,82.0,112.9,108.2,97.4,115.1,110.3,4.8,0.61,0.03
Chris Livingston,MIL,1.4,0.2,1.7,Milwaukee,82.0,115.5,113.0,99.3,115.9,113.5,2.4,0.585,-0.25
Trey Alexander,DEN,1.3,0.5,0.5,Denver,82.0,120.8,116.9,99.8,119.9,116.1,3.8,0.61,0.04
Spencer Jones,DEN,1.3,0.3,0.9,Denver,82.0,120.8,116.9,99.8,119.9,116.1,3.8,0.61,0.04
Skal Labissière,SAC,1.3,0.3,0.8,Sacramento,82.0,115.7,115.3,98.1,116.8,116.3,0.5,0.488,-0.18
Jalen Bridges,PHO,1.1,0.0,0.5,Phoenix,82.0,113.6,116.6,97.1,116.2,119.3,-3.1,0.439,0.32
Yuri Collins,GSW,1.0,2.0,1.5,Golden State,82.0,113.8,110.5,98.7,115.0,111.7,3.3,0.585,-0.04
Daniss Jenkins,DET,1.0,0.4,0.3,Detroit,82.0,115.5,113.6,99.8,115.0,113.1,1.9,0.537,-0.35
Braxton Key,GSW,1.0,0.0,0.7,Golden State,82.0,113.8,110.5,98.7,115.0,111.7,3.3,0.585,-0.04
Bryce McGowens,POR,1.0,0.2,0.2,Portland,82.0,110.9,113.9,98.8,111.7,114.7,-3.0,0.439,1.22
Xavier Tillman Sr.,BOS,1.0,0.2,1.3,Boston,82.0,116.3,107.2,95.7,120.6,111.2,9.4,0.744,-1.07
Luke Travers,CLE,1.0,0.7,1.7,Cleveland,82.0,121.9,112.4,99.8,121.8,112.2,9.6,0.78,-1.49
Isaiah Crawford,SAC,0.9,0.1,0.5,Sacramento,82.0,115.7,115.3,98.1,116.8,116.3,0.5,0.488,-0.18
Justin Minaya,POR,0.9,0.4,0.5,Portland,82.0,110.9,113.9,98.8,111.7,114.7,-3.0,0.439,1.22
Anton Watson,NYK,0.9,0.2,0.3,New York,82.0,115.8,111.7,96.7,118.5,114.3,4.2,0.622,-1.05
D.J. Carton,TOR,0.8,0.8,1.0,Toronto,82.0,110.9,115.2,99.7,110.5,114.8,-4.3,0.366,-0.1
PJ Dozier,MIN,0.8,0.6,0.6,Minnesota,82.0,114.3,109.3,97.3,116.6,111.5,5.1,0.598,-0.17
Joe Ingles,MIN,0.8,1.2,0.6,Minnesota,82.0,114.3,109.3,97.3,116.6,111.5,5.1,0.598,-0.17
Harrison Ingram,SAS,0.8,0.6,1.8,San Antonio,82.0,113.9,116.7,99.3,114.5,117.2,-2.7,0.415,-0.16
Ulrich Chomche,TOR,0.7,0.3,1.1,Toronto,82.0,110.9,115.2,99.7,110.5,114.8,-4.3,0.366,-0.1
James Johnson,IND,0.7,0.3,0.5,Indiana,82.0,117.4,115.1,99.9,116.5,114.3,2.2,0.61,-0.42
Liam Robbins,MIL,0.7,0.2,0.9,Milwaukee,82.0,115.5,113.0,99.3,115.9,113.5,2.4,0.585,-0.25
Stanley Umude,MIL,0.7,0.2,0.8,Milwaukee,82.0,115.5,113.0,99.3,115.9,113.5,2.4,0.585,-0.25
Cui Yongxi,BRK,0.6,0.0,0.4,Brooklyn,82.0,105.1,112.2,96.4,108.5,115.8,-7.3,0.317,0.35
Tristen Newton,IND,0.6,0.2,0.0,Indiana,82.0,117.4,115.1,99.9,116.5,114.3,2.2,0.61,-0.42
Tristen Newton,MIN,0.0,0.3,1.3,Minnesota,82.0,114.3,109.3,97.3,116.6,111.5,5.1,0.598,-0.17
Malevy Leons,OKC,0.3,0.2,0.5,Oklahoma City,82.0,120.5,107.6,100.0,120.4,107.5,12.9,0.829,-0.52
Daishen Nix,MIN,0.3,1.0,1.3,Minnesota,82.0,114.3,109.3,97.3,116.6,111.5,5.1,0.598,-0.17
Terence Davis,SAC,0.0,1.0,1.0,Sacramento,82.0,115.7,115.3,98.1,116.8,116.3,0.5,0.488,-0.18
Jesse Edwards,MIN,0.0,0.5,0.0,Minnesota,82.0,114.3,109.3,97.3,116.6,111.5,5.1,0.598,-0.17
Mac McClung,ORL,0.0,1.5,0.5,Orlando,82.0,105.4,105.5,96.1,109.4,109.5,-0.1,0.5,-0.53
Jalen McDaniels,WAS,0.0,0.3,0.0,Washington,82.0,108.0,120.4,100.9,106.8,119.1,-12.3,0.22,1.57
Riley Minix,SAS,0.0,0.0,2.0,San Antonio,82.0,113.9,116.7,99.3,114.5,117.2,-2.7,0.415,-0.16
Jahlil Okafor,IND,0.0,1.0,1.0,Indiana,82.0,117.4,115.1,99.9,116.5,114.3,2.2,0.61,-0.42
Zyon Pullin,MEM,0.0,0.0,0.0,Memphis,82.0,121.7,116.9,103.1,117.9,113.2,4.7,0.585,-0.24
Isaiah Stevens,MIA,0.0,0.0,0.7,Miami,82.0,110.6,110.0,96.2,113.5,112.9,0.6,0.451,-0.84
Terry Taylor,SAC,0.0,0.7,0.3,Sacramento,82.0,115.7,115.3,98.1,116.8,116.3,0.5,0.488,-0.18
